[{"symbol":"ETHBTC","price":"0.07379300"},{"symbol":"LTCBTC","price":"0.00443600"},{"symbol":"BNBBTC","price":"0.01671700"},{"symbol":"NEOBTC","price":"0.00042600"},{"symbol":"QTUMETH","price":"0.00177800"},{"symbol":"EOSETH","price":"0.00082100"},{"symbol":"SNTETH","price":"0.00001819"},{"symbol":"BNTETH","price":"0.00029800"},{"symbol":"BCCBTC","price":"0.07908100"},{"symbol":"GASBTC","price":"0.00013630"},{"symbol":"BNBETH","price":"0.22660000"},{"symbol":"BTCUSDT","price":"17157.16000000"},{"symbol":"ETHUSDT","price":"1265.91000000"},{"symbol":"HSRBTC","price":"0.00041400"},{"symbol":"OAXETH","price":"0.00017780"},{"symbol":"DNTETH","price":"0.00002801"},{"symbol":"MCOETH","price":"0.00577200"},{"symbol":"ICNETH","price":"0.00166300"},{"symbol":"MCOBTC","price":"0.00021140"},{"symbol":"WTCBTC","price":"0.00001352"},{"symbol":"WTCETH","price":"0.00023700"},{"symbol":"LRCBTC","price":"0.00001430"},{"symbol":"LRCETH","price":"0.00019467"},{"symbol":"QTUMBTC","price":"0.00013110"},{"symbol":"YOYOBTC","price":"0.00000008"},{"symbol":"OMGBTC","price":"0.00006870"},{"symbol":"OMGETH","price":"0.00093300"},{"symbol":"ZRXBTC","price":"0.00001103"},{"symbol":"ZRXETH","price":"0.00014950"},{"symbol":"STRATBTC","price":"0.00003085"},{"symbol":"STRATETH","price":"0.00105300"},{"symbol":"SNGLSBTC","price":"0.00000013"},{"symbol":"SNGLSETH","price":"0.00005306"},{"symbol":"BQXBTC","price":"0.00008703"},{"symbol":"BQXETH","price":"0.00126350"},{"symbol":"KNCBTC","price":"0.00003673"},{"symbol":"KNCETH","price":"0.00049670"},{"symbol":"FUNBTC","price":"0.00000029"},{"symbol":"FUNETH","price":"0.00000511"},{"symbol":"SNMBTC","price":"0.00004107"},{"symbol":"SNMETH","price":"0.00004986"},{"symbol":"NEOETH","price":"0.00577000"},{"symbol":"IOTABTC","price":"0.00001211"},{"symbol":"IOTAETH","price":"0.00016430"},{"symbol":"LINKBTC","price":"0.00039530"},{"symbol":"LINKETH","price":"0.00535700"},{"symbol":"XVGBTC","price":"0.00000015"},{"symbol":"XVGETH","price":"0.00000197"},{"symbol":"SALTBTC","price":"0.00004250"},{"symbol":"SALTETH","price":"0.00113800"},{"symbol":"MDABTC","price":"0.00000382"},{"symbol":"MDAETH","price":"0.00181150"},{"symbol":"MTLBTC","price":"0.00004363"},{"symbol":"MTLETH","price":"0.00059550"},{"symbol":"SUBBTC","price":"0.00000457"},{"symbol":"SUBETH","price":"0.00012334"},{"symbol":"EOSBTC","price":"0.00006060"},{"symbol":"SNTBTC","price":"0.00000134"},{"symbol":"ETCETH","price":"0.01515000"},{"symbol":"ETCBTC","price":"0.00111800"},{"symbol":"MTHBTC","price":"0.00000023"},{"symbol":"MTHETH","price":"0.00004135"},{"symbol":"ENGBTC","price":"0.00006200"},{"symbol":"ENGETH","price":"0.00186480"},{"symbol":"DNTBTC","price":"0.00000186"},{"symbol":"ZECBTC","price":"0.00267700"},{"symbol":"ZECETH","price":"0.03619000"},{"symbol":"BNTBTC","price":"0.00002205"},{"symbol":"ASTBTC","price":"0.00000602"},{"symbol":"ASTETH","price":"0.00006960"},{"symbol":"DASHBTC","price":"0.00272700"},{"symbol":"DASHETH","price":"0.03701000"},{"symbol":"OAXBTC","price":"0.00001386"},{"symbol":"ICNBTC","price":"0.00005742"},{"symbol":"BTGBTC","price":"0.00091300"},{"symbol":"BTGETH","price":"0.05274500"},{"symbol":"EVXBTC","price":"0.00000274"},{"symbol":"EVXETH","price":"0.00062490"},{"symbol":"REQBTC","price":"0.00000553"},{"symbol":"REQETH","price":"0.00004995"},{"symbol":"VIBBTC","price":"0.00000456"},{"symbol":"VIBETH","price":"0.00006159"},{"symbol":"HSRETH","price":"0.01247400"},{"symbol":"TRXBTC","price":"0.00000319"},{"symbol":"TRXETH","price":"0.00004337"},{"symbol":"POWRBTC","price":"0.00000868"},{"symbol":"POWRETH","price":"0.00011770"},{"symbol":"ARKBTC","price":"0.00001679"},{"symbol":"ARKETH","price":"0.00104600"},{"symbol":"YOYOETH","price":"0.00005828"},{"symbol":"XRPBTC","price":"0.00002257"},{"symbol":"XRPETH","price":"0.00030630"},{"symbol":"MODBTC","price":"0.00004280"},{"symbol":"MODETH","price":"0.00116700"},{"symbol":"ENJBTC","price":"0.00001777"},{"symbol":"ENJETH","price":"0.00024100"},{"symbol":"STORJBTC","price":"0.00001870"},{"symbol":"STORJETH","price":"0.00029910"},{"symbol":"BNBUSDT","price":"286.90000000"},{"symbol":"VENBNB","price":"0.14920000"},{"symbol":"YOYOBNB","price":"0.00059800"},{"symbol":"POWRBNB","price":"0.00385000"},{"symbol":"VENBTC","price":"0.00013928"},{"symbol":"VENETH","price":"0.00325194"},{"symbol":"KMDBTC","price":"0.00001253"},{"symbol":"KMDETH","price":"0.00020970"},{"symbol":"NULSBNB","price":"0.01257000"},{"symbol":"RCNBTC","price":"0.00000074"},{"symbol":"RCNETH","price":"0.00037604"},{"symbol":"RCNBNB","price":"0.00347300"},{"symbol":"NULSBTC","price":"0.00001224"},{"symbol":"NULSETH","price":"0.00051926"},{"symbol":"RDNBTC","price":"0.00000447"},{"symbol":"RDNETH","price":"0.00071530"},{"symbol":"RDNBNB","price":"0.00623000"},{"symbol":"XMRBTC","price":"0.00873900"},{"symbol":"XMRETH","price":"0.11852000"},{"symbol":"DLTBNB","price":"0.00240000"},{"symbol":"WTCBNB","price":"0.00180500"},{"symbol":"DLTBTC","price":"0.00000071"},{"symbol":"DLTETH","price":"0.00016807"},{"symbol":"AMBBTC","price":"0.00000071"},{"symbol":"AMBETH","price":"0.00004100"},{"symbol":"AMBBNB","price":"0.00068500"},{"symbol":"BCCETH","price":"2.47246000"},{"symbol":"BCCUSDT","price":"448.70000000"},{"symbol":"BCCBNB","price":"54.29000000"},{"symbol":"BATBTC","price":"0.00001309"},{"symbol":"BATETH","price":"0.00017760"},{"symbol":"BATBNB","price":"0.00183100"},{"symbol":"BCPTBTC","price":"0.00000048"},{"symbol":"BCPTETH","price":"0.00008181"},{"symbol":"BCPTBNB","price":"0.00116200"},{"symbol":"ARNBTC","price":"0.00000761"},{"symbol":"ARNETH","price":"0.00029362"},{"symbol":"GVTBTC","price":"0.00001792"},{"symbol":"GVTETH","price":"0.00384600"},{"symbol":"CDTBTC","price":"0.00000317"},{"symbol":"CDTETH","price":"0.00005119"},{"symbol":"GXSBTC","price":"0.00004581"},{"symbol":"GXSETH","price":"0.00062460"},{"symbol":"NEOUSDT","price":"7.30000000"},{"symbol":"NEOBNB","price":"0.02540000"},{"symbol":"POEBTC","price":"0.00000005"},{"symbol":"POEETH","price":"0.00000664"},{"symbol":"QSPBTC","price":"0.00000076"},{"symbol":"QSPETH","price":"0.00002249"},{"symbol":"QSPBNB","price":"0.00052350"},{"symbol":"BTSBTC","price":"0.00000055"},{"symbol":"BTSETH","price":"0.00009498"},{"symbol":"BTSBNB","price":"0.00144800"},{"symbol":"XZCBTC","price":"0.00013550"},{"symbol":"XZCETH","price":"0.00310000"},{"symbol":"XZCBNB","price":"0.26750000"},{"symbol":"LSKBTC","price":"0.00004747"},{"symbol":"LSKETH","price":"0.00064300"},{"symbol":"LSKBNB","price":"0.06494000"},{"symbol":"TNTBTC","price":"0.00000261"},{"symbol":"TNTETH","price":"0.00000920"},{"symbol":"FUELBTC","price":"0.00000026"},{"symbol":"FUELETH","price":"0.00002221"},{"symbol":"MANABTC","price":"0.00002315"},{"symbol":"MANAETH","price":"0.00031420"},{"symbol":"BCDBTC","price":"0.00001351"},{"symbol":"BCDETH","price":"0.00251000"},{"symbol":"DGDBTC","price":"0.00393100"},{"symbol":"DGDETH","price":"0.19260000"},{"symbol":"IOTABNB","price":"0.00072300"},{"symbol":"ADXBTC","price":"0.00000805"},{"symbol":"ADXETH","price":"0.00010940"},{"symbol":"ADXBNB","price":"0.00492900"},{"symbol":"ADABTC","price":"0.00001820"},{"symbol":"ADAETH","price":"0.00024660"},{"symbol":"PPTBTC","price":"0.00001855"},{"symbol":"PPTETH","price":"0.00141000"},{"symbol":"CMTBTC","price":"0.00000028"},{"symbol":"CMTETH","price":"0.00000625"},{"symbol":"CMTBNB","price":"0.00057700"},{"symbol":"XLMBTC","price":"0.00000497"},{"symbol":"XLMETH","price":"0.00006730"},{"symbol":"XLMBNB","price":"0.00029780"},{"symbol":"CNDBTC","price":"0.00000006"},{"symbol":"CNDETH","price":"0.00002599"},{"symbol":"CNDBNB","price":"0.00033990"},{"symbol":"LENDBTC","price":"0.00004512"},{"symbol":"LENDETH","price":"0.00137174"},{"symbol":"WABIBTC","price":"0.00000847"},{"symbol":"WABIETH","price":"0.00040308"},{"symbol":"WABIBNB","price":"0.00024130"},{"symbol":"LTCETH","price":"0.06013000"},{"symbol":"LTCUSDT","price":"76.10000000"},{"symbol":"LTCBNB","price":"0.26520000"},{"symbol":"TNBBTC","price":"0.00000007"},{"symbol":"TNBETH","price":"0.00000752"},{"symbol":"WAVESBTC","price":"0.00011930"},{"symbol":"WAVESETH","price":"0.00161900"},{"symbol":"WAVESBNB","price":"0.00714000"},{"symbol":"GTOBTC","price":"0.00000077"},{"symbol":"GTOETH","price":"0.00003197"},{"symbol":"GTOBNB","price":"0.00035200"},{"symbol":"ICXBTC","price":"0.00001055"},{"symbol":"ICXETH","price":"0.00014320"},{"symbol":"ICXBNB","price":"0.00465400"},{"symbol":"OSTBTC","price":"0.00000032"},{"symbol":"OSTETH","price":"0.00000225"},{"symbol":"OSTBNB","price":"0.00052500"},{"symbol":"ELFBTC","price":"0.00000758"},{"symbol":"ELFETH","price":"0.00010280"},{"symbol":"AIONBTC","price":"0.00000214"},{"symbol":"AIONETH","price":"0.00002645"},{"symbol":"AIONBNB","price":"0.00261300"},{"symbol":"NEBLBTC","price":"0.00010365"},{"symbol":"NEBLBNB","price":"0.01356000"},{"symbol":"BRDBTC","price":"0.00000127"},{"symbol":"BRDETH","price":"0.00001688"},{"symbol":"BRDBNB","price":"0.00247000"},{"symbol":"MCOBNB","price":"0.26837000"},{"symbol":"EDOBTC","price":"0.00005609"},{"symbol":"EDOETH","price":"0.00226600"},{"symbol":"WINGSBTC","price":"0.00001193"},{"symbol":"WINGSETH","price":"0.00033460"},{"symbol":"NAVBTC","price":"0.00000277"},{"symbol":"NAVETH","price":"0.00011870"},{"symbol":"NAVBNB","price":"0.00423700"},{"symbol":"LUNBTC","price":"0.00008510"},{"symbol":"LUNETH","price":"0.00489100"},{"symbol":"TRIGBTC","price":"0.00001980"},{"symbol":"TRIGETH","price":"0.00059400"},{"symbol":"TRIGBNB","price":"0.01218000"},{"symbol":"APPCBTC","price":"0.00000055"},{"symbol":"APPCETH","price":"0.00014600"},{"symbol":"APPCBNB","price":"0.00189100"},{"symbol":"VIBEBTC","price":"0.00000042"},{"symbol":"VIBEETH","price":"0.00005720"},{"symbol":"RLCBTC","price":"0.00006382"},{"symbol":"RLCETH","price":"0.00086900"},{"symbol":"RLCBNB","price":"0.03344000"},{"symbol":"INSBTC","price":"0.00000618"},{"symbol":"INSETH","price":"0.00050100"},{"symbol":"PIVXBTC","price":"0.00001543"},{"symbol":"PIVXBNB","price":"0.01660000"},{"symbol":"IOSTBTC","price":"0.00000050"},{"symbol":"IOSTETH","price":"0.00000674"},{"symbol":"CHATBTC","price":"0.00000195"},{"symbol":"CHATETH","price":"0.00006585"},{"symbol":"STEEMBTC","price":"0.00001021"},{"symbol":"STEEMETH","price":"0.00013820"},{"symbol":"STEEMBNB","price":"0.00448000"},{"symbol":"NANOBTC","price":"0.00006280"},{"symbol":"NANOETH","price":"0.00090500"},{"symbol":"NANOBNB","price":"0.05589000"},{"symbol":"VIABTC","price":"0.00000681"},{"symbol":"VIAETH","price":"0.00085600"},{"symbol":"VIABNB","price":"0.00958000"},{"symbol":"BLZBTC","price":"0.00000377"},{"symbol":"BLZETH","price":"0.00005112"},{"symbol":"BLZBNB","price":"0.00062190"},{"symbol":"AEBTC","price":"0.00000292"},{"symbol":"AEETH","price":"0.00021900"},{"symbol":"AEBNB","price":"0.00777000"},{"symbol":"RPXBTC","price":"0.00000224"},{"symbol":"RPXETH","price":"0.00005449"},{"symbol":"RPXBNB","price":"0.00145700"},{"symbol":"NCASHBTC","price":"0.00000005"},{"symbol":"NCASHETH","price":"0.00000013"},{"symbol":"NCASHBNB","price":"0.00006790"},{"symbol":"POABTC","price":"0.00000041"},{"symbol":"POAETH","price":"0.00004891"},{"symbol":"POABNB","price":"0.00092100"},{"symbol":"ZILBTC","price":"0.00000129"},{"symbol":"ZILETH","price":"0.00001758"},{"symbol":"ZILBNB","price":"0.00007740"},{"symbol":"ONTBTC","price":"0.00001082"},{"symbol":"ONTETH","price":"0.00014640"},{"symbol":"ONTBNB","price":"0.00246200"},{"symbol":"STORMBTC","price":"0.00000035"},{"symbol":"STORMETH","price":"0.00001398"},{"symbol":"STORMBNB","price":"0.00006550"},{"symbol":"QTUMBNB","price":"0.09597000"},{"symbol":"QTUMUSDT","price":"2.24900000"},{"symbol":"XEMBTC","price":"0.00000192"},{"symbol":"XEMETH","price":"0.00003593"},{"symbol":"XEMBNB","price":"0.00244100"},{"symbol":"WANBTC","price":"0.00000985"},{"symbol":"WANETH","price":"0.00013350"},{"symbol":"WANBNB","price":"0.00181000"},{"symbol":"WPRBTC","price":"0.00000027"},{"symbol":"WPRETH","price":"0.00004020"},{"symbol":"QLCBTC","price":"0.00000355"},{"symbol":"QLCETH","price":"0.00000603"},{"symbol":"SYSBTC","price":"0.00000690"},{"symbol":"SYSETH","price":"0.00011047"},{"symbol":"SYSBNB","price":"0.00163500"},{"symbol":"QLCBNB","price":"0.00092200"},{"symbol":"GRSBTC","price":"0.00001649"},{"symbol":"GRSETH","price":"0.00076455"},{"symbol":"ADAUSDT","price":"0.31210000"},{"symbol":"ADABNB","price":"0.00108900"},{"symbol":"CLOAKBTC","price":"0.00015550"},{"symbol":"CLOAKETH","price":"0.00414200"},{"symbol":"GNTBTC","price":"0.00000678"},{"symbol":"GNTETH","price":"0.00022071"},{"symbol":"GNTBNB","price":"0.00243900"},{"symbol":"LOOMBTC","price":"0.00000284"},{"symbol":"LOOMETH","price":"0.00003854"},{"symbol":"LOOMBNB","price":"0.00088500"},{"symbol":"XRPUSDT","price":"0.38740000"},{"symbol":"BCNBTC","price":"0.00000022"},{"symbol":"BCNETH","price":"0.00000707"},{"symbol":"BCNBNB","price":"0.00002000"},{"symbol":"REPBTC","price":"0.00034130"},{"symbol":"REPBNB","price":"0.44670000"},{"symbol":"BTCTUSD","price":"19446.02000000"},{"symbol":"TUSDBTC","price":"0.00025971"},{"symbol":"ETHTUSD","price":"1336.59000000"},{"symbol":"TUSDETH","price":"0.00762097"},{"symbol":"TUSDBNB","price":"0.06777000"},{"symbol":"ZENBTC","price":"0.00059200"},{"symbol":"ZENETH","price":"0.00803000"},{"symbol":"ZENBNB","price":"0.03550000"},{"symbol":"SKYBTC","price":"0.00000829"},{"symbol":"SKYETH","price":"0.00222000"},{"symbol":"SKYBNB","price":"0.03022000"},{"symbol":"EOSUSDT","price":"1.04000000"},{"symbol":"EOSBNB","price":"0.00362000"},{"symbol":"CVCBTC","price":"0.00000566"},{"symbol":"CVCETH","price":"0.00009930"},{"symbol":"CVCBNB","price":"0.00211200"},{"symbol":"THETABTC","price":"0.00005040"},{"symbol":"THETAETH","price":"0.00068100"},{"symbol":"THETABNB","price":"0.00301000"},{"symbol":"XRPBNB","price":"0.00135100"},{"symbol":"TUSDUSDT","price":"0.99990000"},{"symbol":"IOTAUSDT","price":"0.20770000"},{"symbol":"XLMUSDT","price":"0.08540000"},{"symbol":"IOTXBTC","price":"0.00000135"},{"symbol":"IOTXETH","price":"0.00001835"},{"symbol":"QKCBTC","price":"0.00000052"},{"symbol":"QKCETH","price":"0.00000707"},{"symbol":"AGIBTC","price":"0.00000668"},{"symbol":"AGIETH","price":"0.00007363"},{"symbol":"AGIBNB","price":"0.00077200"},{"symbol":"NXSBTC","price":"0.00000284"},{"symbol":"NXSETH","price":"0.00077300"},{"symbol":"NXSBNB","price":"0.01087000"},{"symbol":"ENJBNB","price":"0.00106300"},{"symbol":"DATABTC","price":"0.00000159"},{"symbol":"DATAETH","price":"0.00002034"},{"symbol":"ONTUSDT","price":"0.18500000"},{"symbol":"TRXBNB","price":"0.00019140"},{"symbol":"TRXUSDT","price":"0.05490000"},{"symbol":"ETCUSDT","price":"19.17000000"},{"symbol":"ETCBNB","price":"0.06680000"},{"symbol":"ICXUSDT","price":"0.18130000"},{"symbol":"SCBTC","price":"0.00000017"},{"symbol":"SCETH","price":"0.00000210"},{"symbol":"NPXSBTC","price":"0.00000003"},{"symbol":"NPXSETH","price":"0.00000345"},{"symbol":"VENUSDT","price":"0.00010000"},{"symbol":"KEYBTC","price":"0.00000013"},{"symbol":"KEYETH","price":"0.00000287"},{"symbol":"NASBTC","price":"0.00000228"},{"symbol":"NASETH","price":"0.00004047"},{"symbol":"NASBNB","price":"0.02337000"},{"symbol":"MFTBTC","price":"0.00000008"},{"symbol":"MFTETH","price":"0.00000544"},{"symbol":"MFTBNB","price":"0.00001485"},{"symbol":"DENTBTC","price":"0.00000004"},{"symbol":"DENTETH","price":"0.00000055"},{"symbol":"ARDRBTC","price":"0.00000450"},{"symbol":"ARDRETH","price":"0.00018870"},{"symbol":"ARDRBNB","price":"0.00316800"},{"symbol":"NULSUSDT","price":"0.20990000"},{"symbol":"HOTBTC","price":"0.00000002"},{"symbol":"HOTETH","price":"0.00000133"},{"symbol":"VETBTC","price":"0.00000112"},{"symbol":"VETETH","price":"0.00001519"},{"symbol":"VETUSDT","price":"0.01920000"},{"symbol":"VETBNB","price":"0.00006700"},{"symbol":"DOCKBTC","price":"0.00000097"},{"symbol":"DOCKETH","price":"0.00003283"},{"symbol":"POLYBTC","price":"0.00001384"},{"symbol":"POLYBNB","price":"0.00145900"},{"symbol":"PHXBTC","price":"0.00000180"},{"symbol":"PHXETH","price":"0.00005617"},{"symbol":"PHXBNB","price":"0.00045600"},{"symbol":"HCBTC","price":"0.00002000"},{"symbol":"HCETH","price":"0.00513400"},{"symbol":"GOBTC","price":"0.00000043"},{"symbol":"GOBNB","price":"0.00069230"},{"symbol":"PAXBTC","price":"0.00025175"},{"symbol":"PAXBNB","price":"0.20121000"},{"symbol":"PAXUSDT","price":"0.99960000"},{"symbol":"PAXETH","price":"0.00888047"},{"symbol":"RVNBTC","price":"0.00000128"},{"symbol":"DCRBTC","price":"0.00124300"},{"symbol":"DCRBNB","price":"0.78100000"},{"symbol":"USDCBNB","price":"0.21755000"},{"symbol":"MITHBTC","price":"0.00000080"},{"symbol":"MITHBNB","price":"0.00004410"},{"symbol":"BCHABCBTC","price":"0.02933000"},{"symbol":"BCHSVBTC","price":"0.01117900"},{"symbol":"BCHABCUSDT","price":"220.08000000"},{"symbol":"BCHSVUSDT","price":"58.90000000"},{"symbol":"BNBPAX","price":"495.10000000"},{"symbol":"BTCPAX","price":"51529.15000000"},{"symbol":"ETHPAX","price":"3904.41000000"},{"symbol":"XRPPAX","price":"0.88960000"},{"symbol":"EOSPAX","price":"2.58450000"},{"symbol":"XLMPAX","price":"0.04221000"},{"symbol":"RENBTC","price":"0.00000483"},{"symbol":"RENBNB","price":"0.00458500"},{"symbol":"BNBTUSD","price":"283.40000000"},{"symbol":"XRPTUSD","price":"0.44160000"},{"symbol":"EOSTUSD","price":"4.11590000"},{"symbol":"XLMTUSD","price":"0.06833000"},{"symbol":"BNBUSDC","price":"283.30000000"},{"symbol":"BTCUSDC","price":"19440.48000000"},{"symbol":"ETHUSDC","price":"1338.12000000"},{"symbol":"XRPUSDC","price":"0.44090000"},{"symbol":"EOSUSDC","price":"1.15300000"},{"symbol":"XLMUSDC","price":"0.04970000"},{"symbol":"USDCUSDT","price":"0.99990000"},{"symbol":"ADATUSD","price":"0.43510000"},{"symbol":"TRXTUSD","price":"0.05986000"},{"symbol":"NEOTUSD","price":"11.81800000"},{"symbol":"TRXXRP","price":"0.14165000"},{"symbol":"XZCXRP","price":"20.79200000"},{"symbol":"PAXTUSD","price":"0.99950000"},{"symbol":"USDCTUSD","price":"1.00000000"},{"symbol":"USDCPAX","price":"1.00020000"},{"symbol":"LINKUSDT","price":"6.78300000"},{"symbol":"LINKTUSD","price":"28.87000000"},{"symbol":"LINKPAX","price":"3.98340000"},{"symbol":"LINKUSDC","price":"7.77900000"},{"symbol":"WAVESUSDT","price":"2.04700000"},{"symbol":"WAVESTUSD","price":"1.07200000"},{"symbol":"WAVESPAX","price":"0.80290000"},{"symbol":"WAVESUSDC","price":"1.20360000"},{"symbol":"BCHABCTUSD","price":"220.20000000"},{"symbol":"BCHABCPAX","price":"221.20000000"},{"symbol":"BCHABCUSDC","price":"220.30000000"},{"symbol":"BCHSVTUSD","price":"59.17000000"},{"symbol":"BCHSVPAX","price":"58.18000000"},{"symbol":"BCHSVUSDC","price":"57.50000000"},{"symbol":"LTCTUSD","price":"150.10000000"},{"symbol":"LTCPAX","price":"171.13000000"},{"symbol":"LTCUSDC","price":"53.22000000"},{"symbol":"TRXPAX","price":"0.07661000"},{"symbol":"TRXUSDC","price":"0.05982000"},{"symbol":"BTTBTC","price":"0.00000005"},{"symbol":"BTTBNB","price":"0.00000573"},{"symbol":"BTTUSDT","price":"0.00277700"},{"symbol":"BNBUSDS","price":"22.27880000"},{"symbol":"BTCUSDS","price":"9604.59000000"},{"symbol":"USDSUSDT","price":"0.99680000"},{"symbol":"USDSPAX","price":"1.00020000"},{"symbol":"USDSTUSD","price":"1.00000000"},{"symbol":"USDSUSDC","price":"1.00000000"},{"symbol":"BTTPAX","price":"0.00038660"},{"symbol":"BTTTUSD","price":"0.00277000"},{"symbol":"BTTUSDC","price":"0.00277600"},{"symbol":"ONGBNB","price":"0.00545000"},{"symbol":"ONGBTC","price":"0.00001517"},{"symbol":"ONGUSDT","price":"0.26110000"},{"symbol":"HOTBNB","price":"0.00000862"},{"symbol":"HOTUSDT","price":"0.00169300"},{"symbol":"ZILUSDT","price":"0.02226000"},{"symbol":"ZRXBNB","price":"0.01045000"},{"symbol":"ZRXUSDT","price":"0.18920000"},{"symbol":"FETBNB","price":"0.00037500"},{"symbol":"FETBTC","price":"0.00000625"},{"symbol":"FETUSDT","price":"0.10750000"},{"symbol":"BATUSDT","price":"0.22470000"},{"symbol":"XMRBNB","price":"0.52150000"},{"symbol":"XMRUSDT","price":"149.90000000"},{"symbol":"ZECBNB","price":"0.15900000"},{"symbol":"ZECUSDT","price":"46.00000000"},{"symbol":"ZECPAX","price":"42.10000000"},{"symbol":"ZECTUSD","price":"51.48000000"},{"symbol":"ZECUSDC","price":"55.80000000"},{"symbol":"IOSTUSDT","price":"0.00853000"},{"symbol":"CELRBNB","price":"0.00004398"},{"symbol":"CELRBTC","price":"0.00000073"},{"symbol":"CELRUSDT","price":"0.01250000"},{"symbol":"ADAPAX","price":"0.03257000"},{"symbol":"ADAUSDC","price":"0.43520000"},{"symbol":"NEOPAX","price":"11.12200000"},{"symbol":"NEOUSDC","price":"28.27000000"},{"symbol":"DASHBNB","price":"0.16270000"},{"symbol":"DASHUSDT","price":"46.74000000"},{"symbol":"NANOUSDT","price":"2.22400000"},{"symbol":"OMGBNB","price":"0.03938000"},{"symbol":"OMGUSDT","price":"1.18100000"},{"symbol":"THETAUSDT","price":"0.86300000"},{"symbol":"ENJUSDT","price":"0.30510000"},{"symbol":"MITHUSDT","price":"0.01235000"},{"symbol":"MATICBNB","price":"0.00315700"},{"symbol":"MATICBTC","price":"0.00005278"},{"symbol":"MATICUSDT","price":"0.90560000"},{"symbol":"ATOMBNB","price":"0.03374000"},{"symbol":"ATOMBTC","price":"0.00056440"},{"symbol":"ATOMUSDT","price":"9.68400000"},{"symbol":"ATOMUSDC","price":"12.91200000"},{"symbol":"ATOMPAX","price":"3.17800000"},{"symbol":"ATOMTUSD","price":"2.59800000"},{"symbol":"ETCUSDC","price":"4.71000000"},{"symbol":"ETCPAX","price":"4.83800000"},{"symbol":"ETCTUSD","price":"3.79500000"},{"symbol":"BATUSDC","price":"0.63130000"},{"symbol":"BATPAX","price":"0.25560000"},{"symbol":"BATTUSD","price":"0.22220000"},{"symbol":"PHBBNB","price":"0.00013700"},{"symbol":"PHBBTC","price":"0.00003762"},{"symbol":"PHBUSDC","price":"0.00587000"},{"symbol":"PHBTUSD","price":"0.22900000"},{"symbol":"PHBPAX","price":"0.00639000"},{"symbol":"TFUELBNB","price":"0.00012590"},{"symbol":"TFUELBTC","price":"0.00000255"},{"symbol":"TFUELUSDT","price":"0.04390000"},{"symbol":"TFUELUSDC","price":"0.00356500"},{"symbol":"TFUELTUSD","price":"0.00307700"},{"symbol":"TFUELPAX","price":"0.00348700"},{"symbol":"ONEBNB","price":"0.00005080"},{"symbol":"ONEBTC","price":"0.00000084"},{"symbol":"ONEUSDT","price":"0.01453000"},{"symbol":"ONETUSD","price":"0.00472000"},{"symbol":"ONEPAX","price":"0.00496000"},{"symbol":"ONEUSDC","price":"0.00520000"},{"symbol":"FTMBNB","price":"0.00083670"},{"symbol":"FTMBTC","price":"0.00001398"},{"symbol":"FTMUSDT","price":"0.23990000"},{"symbol":"FTMTUSD","price":"0.01095000"},{"symbol":"FTMPAX","price":"0.01028000"},{"symbol":"FTMUSDC","price":"0.01107000"},{"symbol":"BTCBBTC","price":"1.00000000"},{"symbol":"BCPTTUSD","price":"0.02606000"},{"symbol":"BCPTPAX","price":"0.02761000"},{"symbol":"BCPTUSDC","price":"0.02728000"},{"symbol":"ALGOBNB","price":"0.00079500"},{"symbol":"ALGOBTC","price":"0.00001331"},{"symbol":"ALGOUSDT","price":"0.22830000"},{"symbol":"ALGOTUSD","price":"1.01700000"},{"symbol":"ALGOPAX","price":"0.20390000"},{"symbol":"ALGOUSDC","price":"0.23800000"},{"symbol":"USDSBUSDT","price":"0.99970000"},{"symbol":"USDSBUSDS","price":"0.99990000"},{"symbol":"GTOUSDT","price":"0.01233000"},{"symbol":"GTOPAX","price":"0.01361000"},{"symbol":"GTOTUSD","price":"0.01236000"},{"symbol":"GTOUSDC","price":"0.01196000"},{"symbol":"ERDBNB","price":"0.00083273"},{"symbol":"ERDBTC","price":"0.00000168"},{"symbol":"ERDUSDT","price":"0.01971000"},{"symbol":"ERDPAX","price":"0.00125270"},{"symbol":"ERDUSDC","price":"0.00135730"},{"symbol":"DOGEBNB","price":"0.00015270"},{"symbol":"DOGEBTC","price":"0.00000563"},{"symbol":"DOGEUSDT","price":"0.09653000"},{"symbol":"DOGEPAX","price":"0.00216820"},{"symbol":"DOGEUSDC","price":"0.00212770"},{"symbol":"DUSKBNB","price":"0.00118000"},{"symbol":"DUSKBTC","price":"0.00000542"},{"symbol":"DUSKUSDT","price":"0.09290000"},{"symbol":"DUSKUSDC","price":"0.01790000"},{"symbol":"DUSKPAX","price":"0.01890000"},{"symbol":"BGBPUSDC","price":"1.39000000"},{"symbol":"ANKRBNB","price":"0.00007310"},{"symbol":"ANKRBTC","price":"0.00000123"},{"symbol":"ANKRUSDT","price":"0.02100000"},{"symbol":"ANKRTUSD","price":"0.00212800"},{"symbol":"ANKRPAX","price":"0.00209300"},{"symbol":"ANKRUSDC","price":"0.00209700"},{"symbol":"ONTPAX","price":"0.84510000"},{"symbol":"ONTUSDC","price":"0.57080000"},{"symbol":"WINBNB","price":"0.00000031"},{"symbol":"WINBTC","price":"0.00000001"},{"symbol":"WINUSDT","price":"0.00008820"},{"symbol":"WINUSDC","price":"0.00009730"},{"symbol":"COSBNB","price":"0.00001786"},{"symbol":"COSBTC","price":"0.00000030"},{"symbol":"COSUSDT","price":"0.00512000"},{"symbol":"TUSDBTUSD","price":"0.99750000"},{"symbol":"NPXSUSDT","price":"0.00703010"},{"symbol":"NPXSUSDC","price":"0.00017020"},{"symbol":"COCOSBNB","price":"0.00215700"},{"symbol":"COCOSBTC","price":"0.00000003"},{"symbol":"COCOSUSDT","price":"0.62000000"},{"symbol":"MTLUSDT","price":"0.74600000"},{"symbol":"TOMOBNB","price":"0.03255000"},{"symbol":"TOMOBTC","price":"0.00001836"},{"symbol":"TOMOUSDT","price":"0.31490000"},{"symbol":"TOMOUSDC","price":"0.36700000"},{"symbol":"PERLBNB","price":"0.00007180"},{"symbol":"PERLBTC","price":"0.00000113"},{"symbol":"PERLUSDC","price":"0.02447000"},{"symbol":"PERLUSDT","price":"0.01723000"},{"symbol":"DENTUSDT","price":"0.00069900"},{"symbol":"MFTUSDT","price":"0.00690000"},{"symbol":"KEYUSDT","price":"0.00362600"},{"symbol":"STORMUSDT","price":"0.00339700"},{"symbol":"DOCKUSDT","price":"0.01664000"},{"symbol":"WANUSDT","price":"0.16880000"},{"symbol":"FUNUSDT","price":"0.00648000"},{"symbol":"CVCUSDT","price":"0.09780000"},{"symbol":"BTTTRX","price":"0.03945000"},{"symbol":"WINTRX","price":"0.00160500"},{"symbol":"CHZBNB","price":"0.00052170"},{"symbol":"CHZBTC","price":"0.00000873"},{"symbol":"CHZUSDT","price":"0.14970000"},{"symbol":"BANDBNB","price":"0.02248000"},{"symbol":"BANDBTC","price":"0.00011790"},{"symbol":"BANDUSDT","price":"2.02100000"},{"symbol":"BNBBUSD","price":"286.80000000"},{"symbol":"BTCBUSD","price":"17158.78000000"},{"symbol":"BUSDUSDT","price":"0.99990000"},{"symbol":"BEAMBNB","price":"0.02177000"},{"symbol":"BEAMBTC","price":"0.00000716"},{"symbol":"BEAMUSDT","price":"0.12250000"},{"symbol":"XTZBNB","price":"0.00345300"},{"symbol":"XTZBTC","price":"0.00005758"},{"symbol":"XTZUSDT","price":"0.98700000"},{"symbol":"RENUSDT","price":"0.08317600"},{"symbol":"RVNUSDT","price":"0.02207000"},{"symbol":"HCUSDT","price":"0.84230000"},{"symbol":"HBARBNB","price":"0.00016790"},{"symbol":"HBARBTC","price":"0.00000280"},{"symbol":"HBARUSDT","price":"0.04810000"},{"symbol":"NKNBNB","price":"0.00074700"},{"symbol":"NKNBTC","price":"0.00000494"},{"symbol":"NKNUSDT","price":"0.08490000"},{"symbol":"XRPBUSD","price":"0.38740000"},{"symbol":"ETHBUSD","price":"1265.90000000"},{"symbol":"BCHABCBUSD","price":"220.16000000"},{"symbol":"LTCBUSD","price":"76.10000000"},{"symbol":"LINKBUSD","price":"6.78400000"},{"symbol":"ETCBUSD","price":"19.18000000"},{"symbol":"STXBNB","price":"0.00095300"},{"symbol":"STXBTC","price":"0.00001596"},{"symbol":"STXUSDT","price":"0.27300000"},{"symbol":"KAVABNB","price":"0.00311000"},{"symbol":"KAVABTC","price":"0.00005180"},{"symbol":"KAVAUSDT","price":"0.88900000"},{"symbol":"BUSDNGN","price":"462.64000000"},{"symbol":"BNBNGN","price":"43608.00000000"},{"symbol":"BTCNGN","price":"25941597.00000000"},{"symbol":"ARPABNB","price":"0.00010100"},{"symbol":"ARPABTC","price":"0.00000170"},{"symbol":"ARPAUSDT","price":"0.02908000"},{"symbol":"TRXBUSD","price":"0.05490000"},{"symbol":"EOSBUSD","price":"1.03900000"},{"symbol":"IOTXUSDT","price":"0.02330000"},{"symbol":"RLCUSDT","price":"1.09500000"},{"symbol":"MCOUSDT","price":"2.74400000"},{"symbol":"XLMBUSD","price":"0.08530000"},{"symbol":"ADABUSD","price":"0.31210000"},{"symbol":"CTXCBNB","price":"0.00412200"},{"symbol":"CTXCBTC","price":"0.00001020"},{"symbol":"CTXCUSDT","price":"0.17530000"},{"symbol":"BCHBNB","price":"0.38200000"},{"symbol":"BCHBTC","price":"0.00637000"},{"symbol":"BCHUSDT","price":"109.50000000"},{"symbol":"BCHUSDC","price":"114.80000000"},{"symbol":"BCHTUSD","price":"630.00000000"},{"symbol":"BCHPAX","price":"617.72000000"},{"symbol":"BCHBUSD","price":"109.60000000"},{"symbol":"BTCRUB","price":"1078790.00000000"},{"symbol":"ETHRUB","price":"79567.90000000"},{"symbol":"XRPRUB","price":"24.37000000"},{"symbol":"BNBRUB","price":"18023.11000000"},{"symbol":"TROYBNB","price":"0.00000996"},{"symbol":"TROYBTC","price":"0.00000018"},{"symbol":"TROYUSDT","price":"0.00285900"},{"symbol":"BUSDRUB","price":"62.94000000"},{"symbol":"QTUMBUSD","price":"2.26000000"},{"symbol":"VETBUSD","price":"0.01922000"},{"symbol":"VITEBNB","price":"0.00070700"},{"symbol":"VITEBTC","price":"0.00000147"},{"symbol":"VITEUSDT","price":"0.02529000"},{"symbol":"FTTBNB","price":"0.00513000"},{"symbol":"FTTBTC","price":"0.00008560"},{"symbol":"FTTUSDT","price":"1.43220000"},{"symbol":"BTCTRY","price":"324706.00000000"},{"symbol":"BNBTRY","price":"5427.00000000"},{"symbol":"BUSDTRY","price":"18.93000000"},{"symbol":"ETHTRY","price":"23964.00000000"},{"symbol":"XRPTRY","price":"7.33700000"},{"symbol":"USDTTRY","price":"18.93000000"},{"symbol":"USDTRUB","price":"62.91000000"},{"symbol":"BTCEUR","price":"16294.78000000"},{"symbol":"ETHEUR","price":"1202.38000000"},{"symbol":"BNBEUR","price":"272.40000000"},{"symbol":"XRPEUR","price":"0.36790000"},{"symbol":"EURBUSD","price":"1.05320000"},{"symbol":"EURUSDT","price":"1.05300000"},{"symbol":"OGNBNB","price":"0.00038300"},{"symbol":"OGNBTC","price":"0.00000606"},{"symbol":"OGNUSDT","price":"0.10410000"},{"symbol":"DREPBNB","price":"0.00009380"},{"symbol":"DREPBTC","price":"0.00001795"},{"symbol":"DREPUSDT","price":"0.30890000"},{"symbol":"BULLUSDT","price":"1370.28000000"},{"symbol":"BULLBUSD","price":"1368.56000000"},{"symbol":"BEARUSDT","price":"11.16000000"},{"symbol":"BEARBUSD","price":"11.14000000"},{"symbol":"ETHBULLUSDT","price":"79.18000000"},{"symbol":"ETHBULLBUSD","price":"78.46000000"},{"symbol":"ETHBEARUSDT","price":"12.20000000"},{"symbol":"ETHBEARBUSD","price":"12.24000000"},{"symbol":"TCTBNB","price":"0.00041860"},{"symbol":"TCTBTC","price":"0.00000016"},{"symbol":"TCTUSDT","price":"0.00312000"},{"symbol":"WRXBNB","price":"0.00059700"},{"symbol":"WRXBTC","price":"0.00000995"},{"symbol":"WRXUSDT","price":"0.17060000"},{"symbol":"ICXBUSD","price":"0.18130000"},{"symbol":"BTSUSDT","price":"0.00954000"},{"symbol":"BTSBUSD","price":"0.01930000"},{"symbol":"LSKUSDT","price":"0.81400000"},{"symbol":"BNTUSDT","price":"0.37600000"},{"symbol":"BNTBUSD","price":"0.37800000"},{"symbol":"LTOBNB","price":"0.00248000"},{"symbol":"LTOBTC","price":"0.00000500"},{"symbol":"LTOUSDT","price":"0.08590000"},{"symbol":"ATOMBUSD","price":"9.68000000"},{"symbol":"DASHBUSD","price":"46.77000000"},{"symbol":"NEOBUSD","price":"7.30000000"},{"symbol":"WAVESBUSD","price":"2.04700000"},{"symbol":"XTZBUSD","price":"0.98800000"},{"symbol":"EOSBULLUSDT","price":"3.85000000"},{"symbol":"EOSBULLBUSD","price":"3.90000000"},{"symbol":"EOSBEARUSDT","price":"30.21000000"},{"symbol":"EOSBEARBUSD","price":"29.81000000"},{"symbol":"XRPBULLUSDT","price":"8.74000000"},{"symbol":"XRPBULLBUSD","price":"8.78000000"},{"symbol":"XRPBEARUSDT","price":"548.55000000"},{"symbol":"XRPBEARBUSD","price":"547.33000000"},{"symbol":"BATBUSD","price":"0.22480000"},{"symbol":"ENJBUSD","price":"0.30500000"},{"symbol":"NANOBUSD","price":"2.22500000"},{"symbol":"ONTBUSD","price":"0.18540000"},{"symbol":"RVNBUSD","price":"0.02207000"},{"symbol":"STRATBUSD","price":"0.49150000"},{"symbol":"STRATBNB","price":"0.01900000"},{"symbol":"STRATUSDT","price":"0.49040000"},{"symbol":"AIONBUSD","price":"0.07210000"},{"symbol":"AIONUSDT","price":"0.03674000"},{"symbol":"MBLBNB","price":"0.00001202"},{"symbol":"MBLBTC","price":"0.00000005"},{"symbol":"MBLUSDT","price":"0.00271700"},{"symbol":"COTIBNB","price":"0.00025110"},{"symbol":"COTIBTC","price":"0.00000418"},{"symbol":"COTIUSDT","price":"0.07160000"},{"symbol":"ALGOBUSD","price":"0.22840000"},{"symbol":"BTTBUSD","price":"0.00277800"},{"symbol":"TOMOBUSD","price":"0.31510000"},{"symbol":"XMRBUSD","price":"149.90000000"},{"symbol":"ZECBUSD","price":"45.90000000"},{"symbol":"BNBBULLUSDT","price":"57.21000000"},{"symbol":"BNBBULLBUSD","price":"58.37000000"},{"symbol":"BNBBEARUSDT","price":"58.61000000"},{"symbol":"BNBBEARBUSD","price":"57.21000000"},{"symbol":"STPTBNB","price":"0.00067000"},{"symbol":"STPTBTC","price":"0.00000187"},{"symbol":"STPTUSDT","price":"0.03186000"},{"symbol":"BTCZAR","price":"301799.00000000"},{"symbol":"ETHZAR","price":"22272.00000000"},{"symbol":"BNBZAR","price":"5000.00000000"},{"symbol":"USDTZAR","price":"14.02300000"},{"symbol":"BUSDZAR","price":"17.61000000"},{"symbol":"BTCBKRW","price":"42029197.00000000"},{"symbol":"ETHBKRW","price":"1277799.00000000"},{"symbol":"BNBBKRW","price":"44687.00000000"},{"symbol":"WTCUSDT","price":"0.23280000"},{"symbol":"DATABUSD","price":"0.02735000"},{"symbol":"DATAUSDT","price":"0.02728000"},{"symbol":"XZCUSDT","price":"4.44600000"},{"symbol":"SOLBNB","price":"0.04740000"},{"symbol":"SOLBTC","price":"0.00079280"},{"symbol":"SOLUSDT","price":"13.60000000"},{"symbol":"SOLBUSD","price":"13.60000000"},{"symbol":"BTCIDRT","price":"693891182.00"},{"symbol":"BNBIDRT","price":"4286985.00"},{"symbol":"USDTIDRT","price":"15693.00"},{"symbol":"BUSDIDRT","price":"14389.00"},{"symbol":"CTSIBTC","price":"0.00000742"},{"symbol":"CTSIUSDT","price":"0.12720000"},{"symbol":"CTSIBNB","price":"0.00044300"},{"symbol":"CTSIBUSD","price":"0.12720000"},{"symbol":"HIVEBNB","price":"0.00429000"},{"symbol":"HIVEBTC","price":"0.00002033"},{"symbol":"HIVEUSDT","price":"0.34780000"},{"symbol":"CHRBNB","price":"0.00042920"},{"symbol":"CHRBTC","price":"0.00000720"},{"symbol":"CHRUSDT","price":"0.12310000"},{"symbol":"BTCUPUSDT","price":"2.88900000"},{"symbol":"BTCDOWNUSDT","price":"0.04194400"},{"symbol":"GXSUSDT","price":"1.79230000"},{"symbol":"ARDRUSDT","price":"0.07700000"},{"symbol":"ERDBUSD","price":"0.01966100"},{"symbol":"LENDUSDT","price":"0.51431000"},{"symbol":"HBARBUSD","price":"0.04800000"},{"symbol":"MATICBUSD","price":"0.90560000"},{"symbol":"WRXBUSD","price":"0.17040000"},{"symbol":"ZILBUSD","price":"0.02228000"},{"symbol":"MDTBNB","price":"0.00073720"},{"symbol":"MDTBTC","price":"0.00000150"},{"symbol":"MDTUSDT","price":"0.02568000"},{"symbol":"STMXBTC","price":"0.00000030"},{"symbol":"STMXETH","price":"0.00000403"},{"symbol":"STMXUSDT","price":"0.00511800"},{"symbol":"KNCBUSD","price":"0.63100000"},{"symbol":"KNCUSDT","price":"0.63000000"},{"symbol":"REPBUSD","price":"13.67300000"},{"symbol":"REPUSDT","price":"5.41000000"},{"symbol":"LRCBUSD","price":"0.24520000"},{"symbol":"LRCUSDT","price":"0.24530000"},{"symbol":"IQBNB","price":"0.00002243"},{"symbol":"IQBUSD","price":"0.00589000"},{"symbol":"PNTBTC","price":"0.00000864"},{"symbol":"PNTUSDT","price":"0.16190000"},{"symbol":"BTCGBP","price":"13996.40000000"},{"symbol":"ETHGBP","price":"1032.49000000"},{"symbol":"XRPGBP","price":"0.31610000"},{"symbol":"BNBGBP","price":"234.10000000"},{"symbol":"GBPBUSD","price":"1.22500000"},{"symbol":"DGBBTC","price":"0.00000043"},{"symbol":"DGBBUSD","price":"0.00753000"},{"symbol":"BTCUAH","price":"673238.00000000"},{"symbol":"USDTUAH","price":"39.22000000"},{"symbol":"COMPBTC","price":"0.00232200"},{"symbol":"COMPBNB","price":"5.71900000"},{"symbol":"COMPBUSD","price":"39.84000000"},{"symbol":"COMPUSDT","price":"39.84000000"},{"symbol":"BTCBIDR","price":"269040557.00"},{"symbol":"ETHBIDR","price":"19819587.00"},{"symbol":"BNBBIDR","price":"4496844.00"},{"symbol":"BUSDBIDR","price":"15682.00"},{"symbol":"USDTBIDR","price":"15673.00"},{"symbol":"BKRWUSDT","price":"0.00084530"},{"symbol":"BKRWBUSD","price":"0.00084550"},{"symbol":"SCUSDT","price":"0.00265000"},{"symbol":"ZENUSDT","price":"10.19000000"},{"symbol":"SXPBTC","price":"0.00001429"},{"symbol":"SXPBNB","price":"0.00085500"},{"symbol":"SXPBUSD","price":"0.24490000"},{"symbol":"SNXBTC","price":"0.00011090"},{"symbol":"SNXBNB","price":"0.00665000"},{"symbol":"SNXBUSD","price":"1.90700000"},{"symbol":"SNXUSDT","price":"1.90700000"},{"symbol":"ETHUPUSDT","price":"2.96400000"},{"symbol":"ETHDOWNUSDT","price":"0.96180000"},{"symbol":"ADAUPUSDT","price":"0.30200000"},{"symbol":"ADADOWNUSDT","price":"0.00611100"},{"symbol":"LINKUPUSDT","price":"0.00813000"},{"symbol":"LINKDOWNUSDT","price":"0.00270000"},{"symbol":"VTHOBNB","price":"0.00000673"},{"symbol":"VTHOBUSD","price":"0.00071800"},{"symbol":"VTHOUSDT","price":"0.00103600"},{"symbol":"DCRBUSD","price":"16.03500000"},{"symbol":"DGBUSDT","price":"0.00753000"},{"symbol":"GBPUSDT","price":"1.22500000"},{"symbol":"STORJBUSD","price":"0.32050000"},{"symbol":"SXPUSDT","price":"0.24510000"},{"symbol":"IRISBNB","price":"0.00166200"},{"symbol":"IRISBTC","price":"0.00000088"},{"symbol":"IRISBUSD","price":"0.06080000"},{"symbol":"MKRBNB","price":"6.90300000"},{"symbol":"MKRBTC","price":"0.03578000"},{"symbol":"MKRUSDT","price":"613.00000000"},{"symbol":"MKRBUSD","price":"613.00000000"},{"symbol":"DAIBNB","price":"0.04876000"},{"symbol":"DAIBTC","price":"0.00008966"},{"symbol":"DAIUSDT","price":"1.01890000"},{"symbol":"DAIBUSD","price":"1.01810000"},{"symbol":"RUNEBNB","price":"0.00487000"},{"symbol":"RUNEBTC","price":"0.00008140"},{"symbol":"RUNEBUSD","price":"1.39600000"},{"symbol":"MANABUSD","price":"0.39740000"},{"symbol":"DOGEBUSD","price":"0.09650000"},{"symbol":"LENDBUSD","price":"0.51530000"},{"symbol":"ZRXBUSD","price":"0.18920000"},{"symbol":"DCRUSDT","price":"21.30000000"},{"symbol":"STORJUSDT","price":"0.32090000"},{"symbol":"XRPBKRW","price":"319.76000000"},{"symbol":"ADABKRW","price":"327.55000000"},{"symbol":"BTCAUD","price":"25294.08000000"},{"symbol":"ETHAUD","price":"1865.86000000"},{"symbol":"AUDBUSD","price":"0.67840000"},{"symbol":"FIOBNB","price":"0.00017080"},{"symbol":"FIOBTC","price":"0.00000202"},{"symbol":"FIOBUSD","price":"0.03460000"},{"symbol":"BNBUPUSDT","price":"36.68000000"},{"symbol":"BNBDOWNUSDT","price":"0.01997000"},{"symbol":"XTZUPUSDT","price":"0.00255100"},{"symbol":"XTZDOWNUSDT","price":"2.60010000"},{"symbol":"AVABNB","price":"0.00218800"},{"symbol":"AVABTC","price":"0.00003659"},{"symbol":"AVABUSD","price":"0.62800000"},{"symbol":"USDTBKRW","price":"1125.00000000"},{"symbol":"BUSDBKRW","price":"1097.18000000"},{"symbol":"IOTABUSD","price":"0.20780000"},{"symbol":"MANAUSDT","price":"0.39720000"},{"symbol":"XRPAUD","price":"0.57180000"},{"symbol":"BNBAUD","price":"422.50000000"},{"symbol":"AUDUSDT","price":"0.67820000"},{"symbol":"BALBNB","price":"0.42580000"},{"symbol":"BALBTC","price":"0.00034850"},{"symbol":"BALBUSD","price":"5.98200000"},{"symbol":"YFIBNB","price":"82.19000000"},{"symbol":"YFIBTC","price":"0.40490000"},{"symbol":"YFIBUSD","price":"6939.00000000"},{"symbol":"YFIUSDT","price":"6945.00000000"},{"symbol":"BLZBUSD","price":"0.06450000"},{"symbol":"KMDBUSD","price":"0.46760000"},{"symbol":"BALUSDT","price":"5.98000000"},{"symbol":"BLZUSDT","price":"0.06440000"},{"symbol":"IRISUSDT","price":"0.01501000"},{"symbol":"KMDUSDT","price":"0.21500000"},{"symbol":"BTCDAI","price":"17159.04000000"},{"symbol":"ETHDAI","price":"1266.47000000"},{"symbol":"BNBDAI","price":"286.90000000"},{"symbol":"USDTDAI","price":"1.00010000"},{"symbol":"BUSDDAI","price":"1.00000000"},{"symbol":"JSTBNB","price":"0.00021850"},{"symbol":"JSTBTC","price":"0.00000133"},{"symbol":"JSTBUSD","price":"0.02280000"},{"symbol":"JSTUSDT","price":"0.02287000"},{"symbol":"SRMBNB","price":"0.00084000"},{"symbol":"SRMBTC","price":"0.00001523"},{"symbol":"SRMBUSD","price":"0.21314000"},{"symbol":"SRMUSDT","price":"0.24442000"},{"symbol":"ANTBNB","price":"0.00808000"},{"symbol":"ANTBTC","price":"0.00013495"},{"symbol":"ANTBUSD","price":"2.31700000"},{"symbol":"ANTUSDT","price":"2.31800000"},{"symbol":"CRVBNB","price":"0.00687000"},{"symbol":"CRVBTC","price":"0.00003752"},{"symbol":"CRVBUSD","price":"0.64300000"},{"symbol":"CRVUSDT","price":"0.64300000"},{"symbol":"SANDBNB","price":"0.00203400"},{"symbol":"SANDBTC","price":"0.00003399"},{"symbol":"SANDUSDT","price":"0.58340000"},{"symbol":"SANDBUSD","price":"0.58330000"},{"symbol":"OCEANBNB","price":"0.00053800"},{"symbol":"OCEANBTC","price":"0.00000900"},{"symbol":"OCEANBUSD","price":"0.15450000"},{"symbol":"OCEANUSDT","price":"0.15430000"},{"symbol":"NMRBTC","price":"0.00087400"},{"symbol":"NMRBUSD","price":"14.96000000"},{"symbol":"NMRUSDT","price":"14.97000000"},{"symbol":"DOTBNB","price":"0.01842000"},{"symbol":"DOTBTC","price":"0.00030800"},{"symbol":"DOTBUSD","price":"5.28000000"},{"symbol":"DOTUSDT","price":"5.28000000"},{"symbol":"LUNABNB","price":"0.00000019"},{"symbol":"LUNABTC","price":"0.00000001"},{"symbol":"LUNABUSD","price":"1.63120000"},{"symbol":"LUNAUSDT","price":"1.63110000"},{"symbol":"IDEXBTC","price":"0.00000280"},{"symbol":"IDEXBUSD","price":"0.04791000"},{"symbol":"RSRBNB","price":"0.00001440"},{"symbol":"RSRBTC","price":"0.00000016"},{"symbol":"RSRBUSD","price":"0.00414000"},{"symbol":"RSRUSDT","price":"0.00413000"},{"symbol":"PAXGBNB","price":"6.22100000"},{"symbol":"PAXGBTC","price":"0.10404000"},{"symbol":"PAXGBUSD","price":"1786.00000000"},{"symbol":"PAXGUSDT","price":"1786.00000000"},{"symbol":"WNXMBNB","price":"0.17350000"},{"symbol":"WNXMBTC","price":"0.00067200"},{"symbol":"WNXMBUSD","price":"22.16500000"},{"symbol":"WNXMUSDT","price":"11.07000000"},{"symbol":"TRBBNB","price":"0.51700000"},{"symbol":"TRBBTC","price":"0.00080500"},{"symbol":"TRBBUSD","price":"13.84000000"},{"symbol":"TRBUSDT","price":"13.84000000"},{"symbol":"ETHNGN","price":"805670.00000000"},{"symbol":"DOTBIDR","price":"82500.00"},{"symbol":"LINKAUD","price":"9.92700000"},{"symbol":"SXPAUD","price":"1.86800000"},{"symbol":"BZRXBNB","price":"0.00514000"},{"symbol":"BZRXBTC","price":"0.00000463"},{"symbol":"BZRXBUSD","price":"0.21640000"},{"symbol":"BZRXUSDT","price":"0.21560000"},{"symbol":"WBTCBTC","price":"0.99810000"},{"symbol":"WBTCETH","price":"13.53000000"},{"symbol":"SUSHIBNB","price":"0.00413000"},{"symbol":"SUSHIBTC","price":"0.00006890"},{"symbol":"SUSHIBUSD","price":"1.18500000"},{"symbol":"SUSHIUSDT","price":"1.18600000"},{"symbol":"YFIIBNB","price":"4.42000000"},{"symbol":"YFIIBTC","price":"0.08554000"},{"symbol":"YFIIBUSD","price":"1192.00000000"},{"symbol":"YFIIUSDT","price":"1468.80000000"},{"symbol":"KSMBNB","price":"0.09080000"},{"symbol":"KSMBTC","price":"0.00172800"},{"symbol":"KSMBUSD","price":"29.67000000"},{"symbol":"KSMUSDT","price":"29.67000000"},{"symbol":"EGLDBNB","price":"0.15880000"},{"symbol":"EGLDBTC","price":"0.00265300"},{"symbol":"EGLDBUSD","price":"45.52000000"},{"symbol":"EGLDUSDT","price":"45.52000000"},{"symbol":"DIABNB","price":"0.00381300"},{"symbol":"DIABTC","price":"0.00001917"},{"symbol":"DIABUSD","price":"0.32900000"},{"symbol":"DIAUSDT","price":"0.32900000"},{"symbol":"RUNEUSDT","price":"1.39600000"},{"symbol":"FIOUSDT","price":"0.03470000"},{"symbol":"UMABTC","price":"0.00010150"},{"symbol":"UMAUSDT","price":"1.74300000"},{"symbol":"EOSUPUSDT","price":"0.21130000"},{"symbol":"EOSDOWNUSDT","price":"0.00036650"},{"symbol":"TRXUPUSDT","price":"0.03854000"},{"symbol":"TRXDOWNUSDT","price":"1.13900000"},{"symbol":"XRPUPUSDT","price":"0.09340000"},{"symbol":"XRPDOWNUSDT","price":"0.00024280"},{"symbol":"DOTUPUSDT","price":"0.09600000"},{"symbol":"DOTDOWNUSDT","price":"16.73700000"},{"symbol":"SRMBIDR","price":"26748.00"},{"symbol":"ONEBIDR","price":"119.92"},{"symbol":"LINKTRY","price":"128.30000000"},{"symbol":"USDTNGN","price":"746.90000000"},{"symbol":"BELBNB","price":"0.00161800"},{"symbol":"BELBTC","price":"0.00002705"},{"symbol":"BELBUSD","price":"0.46400000"},{"symbol":"BELUSDT","price":"0.46500000"},{"symbol":"WINGBNB","price":"0.04865000"},{"symbol":"WINGBTC","price":"0.00037880"},{"symbol":"SWRVBNB","price":"0.00150400"},{"symbol":"SWRVBUSD","price":"0.56490000"},{"symbol":"WINGBUSD","price":"6.50000000"},{"symbol":"WINGUSDT","price":"6.48000000"},{"symbol":"LTCUPUSDT","price":"0.48010000"},{"symbol":"LTCDOWNUSDT","price":"2.22790000"},{"symbol":"LENDBKRW","price":"579.46000000"},{"symbol":"SXPEUR","price":"0.23250000"},{"symbol":"CREAMBNB","price":"0.07230000"},{"symbol":"CREAMBUSD","price":"14.14000000"},{"symbol":"UNIBNB","price":"0.02132000"},{"symbol":"UNIBTC","price":"0.00035650"},{"symbol":"UNIBUSD","price":"6.12000000"},{"symbol":"UNIUSDT","price":"6.12000000"},{"symbol":"NBSBTC","price":"0.00000031"},{"symbol":"NBSUSDT","price":"0.00166000"},{"symbol":"OXTBTC","price":"0.00000486"},{"symbol":"OXTUSDT","price":"0.08310000"},{"symbol":"SUNBTC","price":"0.00071100"},{"symbol":"SUNUSDT","price":"0.00566000"},{"symbol":"AVAXBNB","price":"0.04669000"},{"symbol":"AVAXBTC","price":"0.00078070"},{"symbol":"AVAXBUSD","price":"13.39000000"},{"symbol":"AVAXUSDT","price":"13.40000000"},{"symbol":"HNTBTC","price":"0.00023570"},{"symbol":"HNTUSDT","price":"4.67000000"},{"symbol":"BAKEBNB","price":"0.00061800"},{"symbol":"BURGERBNB","price":"0.00217000"},{"symbol":"SXPBIDR","price":"19956.00"},{"symbol":"LINKBKRW","price":"16948.99000000"},{"symbol":"FLMBNB","price":"0.00333000"},{"symbol":"FLMBTC","price":"0.00000506"},{"symbol":"FLMBUSD","price":"0.23210000"},{"symbol":"FLMUSDT","price":"0.08660000"},{"symbol":"SCRTBTC","price":"0.00004617"},{"symbol":"SCRTETH","price":"0.00062400"},{"symbol":"CAKEBNB","price":"0.01380000"},{"symbol":"CAKEBUSD","price":"3.95700000"},{"symbol":"SPARTABNB","price":"0.00006570"},{"symbol":"UNIUPUSDT","price":"1.05500000"},{"symbol":"UNIDOWNUSDT","price":"2.17200000"},{"symbol":"ORNBTC","price":"0.00005320"},{"symbol":"ORNUSDT","price":"0.91100000"},{"symbol":"TRXNGN","price":"20.71000000"},{"symbol":"SXPTRY","price":"4.64000000"},{"symbol":"UTKBTC","price":"0.00000593"},{"symbol":"UTKUSDT","price":"0.10190000"},{"symbol":"XVSBNB","price":"0.01460000"},{"symbol":"XVSBTC","price":"0.00024450"},{"symbol":"XVSBUSD","price":"4.18000000"},{"symbol":"XVSUSDT","price":"4.18000000"},{"symbol":"ALPHABNB","price":"0.00031100"},{"symbol":"ALPHABTC","price":"0.00000521"},{"symbol":"ALPHABUSD","price":"0.08930000"},{"symbol":"ALPHAUSDT","price":"0.08930000"},{"symbol":"VIDTBTC","price":"0.00000229"},{"symbol":"VIDTBUSD","price":"0.03918000"},{"symbol":"AAVEBNB","price":"0.21550000"},{"symbol":"BTCBRL","price":"90003.00000000"},{"symbol":"USDTBRL","price":"5.24600000"},{"symbol":"AAVEBTC","price":"0.00360400"},{"symbol":"AAVEETH","price":"0.04880000"},{"symbol":"AAVEBUSD","price":"61.70000000"},{"symbol":"AAVEUSDT","price":"61.80000000"},{"symbol":"AAVEBKRW","price":"164167.00000000"},{"symbol":"NEARBNB","price":"0.00590600"},{"symbol":"NEARBTC","price":"0.00009913"},{"symbol":"NEARBUSD","price":"1.70200000"},{"symbol":"NEARUSDT","price":"1.70200000"},{"symbol":"SXPUPUSDT","price":"0.17426000"},{"symbol":"SXPDOWNUSDT","price":"0.08950000"},{"symbol":"DOTBKRW","price":"13514.98000000"},{"symbol":"SXPGBP","price":"0.40800000"},{"symbol":"FILBNB","price":"0.01530000"},{"symbol":"FILBTC","price":"0.00025550"},{"symbol":"FILBUSD","price":"4.39000000"},{"symbol":"FILUSDT","price":"4.38000000"},{"symbol":"FILUPUSDT","price":"0.15150000"},{"symbol":"FILDOWNUSDT","price":"0.00076660"},{"symbol":"YFIUPUSDT","price":"0.11690000"},{"symbol":"YFIDOWNUSDT","price":"0.90090000"},{"symbol":"INJBNB","price":"0.00573000"},{"symbol":"INJBTC","price":"0.00009610"},{"symbol":"INJBUSD","price":"1.64700000"},{"symbol":"INJUSDT","price":"1.64700000"},{"symbol":"AERGOBTC","price":"0.00000636"},{"symbol":"AERGOBUSD","price":"0.10930000"},{"symbol":"LINKEUR","price":"6.44200000"},{"symbol":"ONEBUSD","price":"0.01453000"},{"symbol":"EASYETH","price":"0.00623000"},{"symbol":"AUDIOBTC","price":"0.00000898"},{"symbol":"AUDIOBUSD","price":"0.15400000"},{"symbol":"AUDIOUSDT","price":"0.15390000"},{"symbol":"CTKBNB","price":"0.00272600"},{"symbol":"CTKBTC","price":"0.00004555"},{"symbol":"CTKBUSD","price":"0.78300000"},{"symbol":"CTKUSDT","price":"0.78100000"},{"symbol":"BCHUPUSDT","price":"0.07240000"},{"symbol":"BCHDOWNUSDT","price":"0.22470000"},{"symbol":"BOTBTC","price":"0.04906000"},{"symbol":"BOTBUSD","price":"2783.23000000"},{"symbol":"ETHBRL","price":"6639.90000000"},{"symbol":"DOTEUR","price":"5.03000000"},{"symbol":"AKROBTC","price":"0.00000013"},{"symbol":"AKROUSDT","price":"0.00296000"},{"symbol":"KP3RBNB","price":"0.26720000"},{"symbol":"KP3RBUSD","price":"76.73000000"},{"symbol":"AXSBNB","price":"0.02940000"},{"symbol":"AXSBTC","price":"0.00049200"},{"symbol":"AXSBUSD","price":"8.45000000"},{"symbol":"AXSUSDT","price":"8.45000000"},{"symbol":"HARDBNB","price":"0.00058500"},{"symbol":"HARDBTC","price":"0.00000975"},{"symbol":"HARDBUSD","price":"0.16780000"},{"symbol":"HARDUSDT","price":"0.16800000"},{"symbol":"BNBBRL","price":"1505.00000000"},{"symbol":"LTCEUR","price":"72.25000000"},{"symbol":"RENBTCBTC","price":"0.99310000"},{"symbol":"RENBTCETH","price":"16.29900000"},{"symbol":"DNTBUSD","price":"0.03600000"},{"symbol":"DNTUSDT","price":"0.03600000"},{"symbol":"SLPETH","price":"0.00000203"},{"symbol":"ADAEUR","price":"0.29640000"},{"symbol":"LTCNGN","price":"78132.00000000"},{"symbol":"CVPETH","price":"0.00029300"},{"symbol":"CVPBUSD","price":"0.37070000"},{"symbol":"STRAXBTC","price":"0.00002752"},{"symbol":"STRAXETH","price":"0.00037130"},{"symbol":"STRAXBUSD","price":"0.47200000"},{"symbol":"STRAXUSDT","price":"0.47100000"},{"symbol":"FORBTC","price":"0.00000098"},{"symbol":"FORBUSD","price":"0.01668000"},{"symbol":"UNFIBNB","price":"0.02654000"},{"symbol":"UNFIBTC","price":"0.00028380"},{"symbol":"UNFIBUSD","price":"4.87100000"},{"symbol":"UNFIUSDT","price":"4.87200000"},{"symbol":"FRONTETH","price":"0.00033040"},{"symbol":"FRONTBUSD","price":"0.20010000"},{"symbol":"BCHABUSD","price":"43.64100000"},{"symbol":"ROSEBTC","price":"0.00000260"},{"symbol":"ROSEBUSD","price":"0.04474000"},{"symbol":"ROSEUSDT","price":"0.04473000"},{"symbol":"AVAXTRY","price":"253.60000000"},{"symbol":"BUSDBRL","price":"5.24700000"},{"symbol":"AVAUSDT","price":"0.62800000"},{"symbol":"SYSBUSD","price":"0.11810000"},{"symbol":"XEMUSDT","price":"0.03280000"},{"symbol":"HEGICETH","price":"0.00001647"},{"symbol":"HEGICBUSD","price":"0.02120000"},{"symbol":"AAVEUPUSDT","price":"0.60080000"},{"symbol":"AAVEDOWNUSDT","price":"0.00467300"},{"symbol":"PROMBNB","price":"0.01594000"},{"symbol":"PROMBUSD","price":"4.56000000"},{"symbol":"XRPBRL","price":"2.03100000"},{"symbol":"XRPNGN","price":"214.17000000"},{"symbol":"SKLBTC","price":"0.00000150"},{"symbol":"SKLBUSD","price":"0.02582000"},{"symbol":"SKLUSDT","price":"0.02578000"},{"symbol":"BCHEUR","price":"104.00000000"},{"symbol":"YFIEUR","price":"6586.00000000"},{"symbol":"ZILBIDR","price":"348.00"},{"symbol":"SUSDBTC","price":"0.00002065"},{"symbol":"SUSDETH","price":"0.00052700"},{"symbol":"SUSDUSDT","price":"0.99600000"},{"symbol":"COVERETH","price":"0.06373000"},{"symbol":"COVERBUSD","price":"193.60000000"},{"symbol":"GLMBTC","price":"0.00001297"},{"symbol":"GLMETH","price":"0.00017550"},{"symbol":"GHSTETH","price":"0.00081750"},{"symbol":"GHSTBUSD","price":"1.01600000"},{"symbol":"SUSHIUPUSDT","price":"0.00471400"},{"symbol":"SUSHIDOWNUSDT","price":"37.37000000"},{"symbol":"XLMUPUSDT","price":"0.02430000"},{"symbol":"XLMDOWNUSDT","price":"4.30400000"},{"symbol":"LINKBRL","price":"35.47000000"},{"symbol":"LINKNGN","price":"11772.00000000"},{"symbol":"LTCRUB","price":"4790.80000000"},{"symbol":"TRXTRY","price":"1.03890000"},{"symbol":"XLMEUR","price":"0.08100000"},{"symbol":"DFETH","price":"0.00007020"},{"symbol":"DFBUSD","price":"0.04820000"},{"symbol":"GRTBTC","price":"0.00000421"},{"symbol":"GRTETH","price":"0.00005700"},{"symbol":"GRTUSDT","price":"0.07240000"},{"symbol":"JUVBTC","price":"0.00017750"},{"symbol":"JUVBUSD","price":"3.05000000"},{"symbol":"JUVUSDT","price":"3.06000000"},{"symbol":"PSGBTC","price":"0.00031430"},{"symbol":"PSGBUSD","price":"5.40000000"},{"symbol":"PSGUSDT","price":"5.39000000"},{"symbol":"BUSDBVND","price":"23720.00"},{"symbol":"USDTBVND","price":"23710.00"},{"symbol":"1INCHBTC","price":"0.00002578"},{"symbol":"1INCHUSDT","price":"0.44300000"},{"symbol":"REEFBTC","price":"0.00000014"},{"symbol":"REEFUSDT","price":"0.00303400"},{"symbol":"OGBTC","price":"0.00018530"},{"symbol":"OGUSDT","price":"3.18800000"},{"symbol":"ATMBTC","price":"0.00016150"},{"symbol":"ATMUSDT","price":"2.77000000"},{"symbol":"ASRBTC","price":"0.00015950"},{"symbol":"ASRUSDT","price":"2.73200000"},{"symbol":"CELOBTC","price":"0.00003630"},{"symbol":"CELOUSDT","price":"0.62400000"},{"symbol":"RIFBTC","price":"0.00000325"},{"symbol":"RIFUSDT","price":"0.05540000"},{"symbol":"CHZTRY","price":"2.83200000"},{"symbol":"XLMTRY","price":"1.61700000"},{"symbol":"LINKGBP","price":"5.53800000"},{"symbol":"GRTEUR","price":"0.06900000"},{"symbol":"BTCSTBTC","price":"0.00033100"},{"symbol":"BTCSTBUSD","price":"5.26000000"},{"symbol":"BTCSTUSDT","price":"5.35000000"},{"symbol":"TRUBTC","price":"0.00000216"},{"symbol":"TRUBUSD","price":"0.53570000"},{"symbol":"TRUUSDT","price":"0.03690000"},{"symbol":"DEXEETH","price":"0.00197500"},{"symbol":"DEXEBUSD","price":"2.48700000"},{"symbol":"EOSEUR","price":"0.98600000"},{"symbol":"LTCBRL","price":"398.20000000"},{"symbol":"USDCBUSD","price":"0.99990000"},{"symbol":"TUSDBUSD","price":"0.99990000"},{"symbol":"PAXBUSD","price":"1.00000000"},{"symbol":"CKBBTC","price":"0.00000015"},{"symbol":"CKBBUSD","price":"0.00256000"},{"symbol":"CKBUSDT","price":"0.00256000"},{"symbol":"TWTBTC","price":"0.00014896"},{"symbol":"TWTBUSD","price":"2.55320000"},{"symbol":"TWTUSDT","price":"2.55230000"},{"symbol":"FIROBTC","price":"0.00010900"},{"symbol":"FIROETH","price":"0.00133300"},{"symbol":"FIROUSDT","price":"1.86900000"},{"symbol":"BETHETH","price":"0.97640000"},{"symbol":"DOGEEUR","price":"0.09167000"},{"symbol":"DOGETRY","price":"1.82600000"},{"symbol":"DOGEAUD","price":"0.14211000"},{"symbol":"DOGEBRL","price":"0.50690000"},{"symbol":"DOTNGN","price":"10716.00000000"},{"symbol":"PROSETH","price":"0.00047280"},{"symbol":"LITBTC","price":"0.00004788"},{"symbol":"LITBUSD","price":"0.82100000"},{"symbol":"LITUSDT","price":"0.82000000"},{"symbol":"BTCVAI","price":"56876.40000000"},{"symbol":"BUSDVAI","price":"1.03400000"},{"symbol":"SFPBTC","price":"0.00002757"},{"symbol":"SFPBUSD","price":"0.47310000"},{"symbol":"SFPUSDT","price":"0.47370000"},{"symbol":"DOGEGBP","price":"0.07882000"},{"symbol":"DOTTRY","price":"100.00000000"},{"symbol":"FXSBTC","price":"0.00035709"},{"symbol":"FXSBUSD","price":"6.14500000"},{"symbol":"DODOBTC","price":"0.00000706"},{"symbol":"DODOBUSD","price":"0.12100000"},{"symbol":"DODOUSDT","price":"0.12100000"},{"symbol":"FRONTBTC","price":"0.00001167"},{"symbol":"EASYBTC","price":"0.00029250"},{"symbol":"CAKEBTC","price":"0.00023070"},{"symbol":"CAKEUSDT","price":"3.95600000"},{"symbol":"BAKEBUSD","price":"0.17730000"},{"symbol":"UFTETH","price":"0.00023520"},{"symbol":"UFTBUSD","price":"0.29770000"},{"symbol":"1INCHBUSD","price":"0.44300000"},{"symbol":"BANDBUSD","price":"2.02100000"},{"symbol":"GRTBUSD","price":"0.07230000"},{"symbol":"IOSTBUSD","price":"0.00851000"},{"symbol":"OMGBUSD","price":"1.18100000"},{"symbol":"REEFBUSD","price":"0.00303400"},{"symbol":"ACMBTC","price":"0.00015170"},{"symbol":"ACMBUSD","price":"2.59500000"},{"symbol":"ACMUSDT","price":"2.60100000"},{"symbol":"AUCTIONBTC","price":"0.00030030"},{"symbol":"AUCTIONBUSD","price":"5.16000000"},{"symbol":"PHABTC","price":"0.00000871"},{"symbol":"PHABUSD","price":"0.14930000"},{"symbol":"DOTGBP","price":"4.32000000"},{"symbol":"ADATRY","price":"5.90000000"},{"symbol":"ADABRL","price":"1.63800000"},{"symbol":"ADAGBP","price":"0.25500000"},{"symbol":"TVKBTC","price":"0.00000195"},{"symbol":"TVKBUSD","price":"0.03330000"},{"symbol":"BADGERBTC","price":"0.00015360"},{"symbol":"BADGERBUSD","price":"2.63000000"},{"symbol":"BADGERUSDT","price":"2.64000000"},{"symbol":"FISBTC","price":"0.00001775"},{"symbol":"FISBUSD","price":"0.30670000"},{"symbol":"FISUSDT","price":"0.30470000"},{"symbol":"DOTBRL","price":"27.70000000"},{"symbol":"ADAAUD","price":"0.46020000"},{"symbol":"HOTTRY","price":"0.03205000"},{"symbol":"EGLDEUR","price":"43.21000000"},{"symbol":"OMBTC","price":"0.00000204"},{"symbol":"OMBUSD","price":"0.03520000"},{"symbol":"OMUSDT","price":"0.03500000"},{"symbol":"PONDBTC","price":"0.00000051"},{"symbol":"PONDBUSD","price":"0.00863000"},{"symbol":"PONDUSDT","price":"0.00863000"},{"symbol":"DEGOBTC","price":"0.00011695"},{"symbol":"DEGOBUSD","price":"2.01000000"},{"symbol":"DEGOUSDT","price":"2.00600000"},{"symbol":"AVAXEUR","price":"12.73000000"},{"symbol":"BTTTRY","price":"0.03783000"},{"symbol":"CHZBRL","price":"0.78400000"},{"symbol":"UNIEUR","price":"5.82000000"},{"symbol":"ALICEBTC","price":"0.00007700"},{"symbol":"ALICEBUSD","price":"1.32100000"},{"symbol":"ALICEUSDT","price":"1.32100000"},{"symbol":"CHZBUSD","price":"0.14970000"},{"symbol":"CHZEUR","price":"0.14200000"},{"symbol":"CHZGBP","price":"0.12130000"},{"symbol":"BIFIBNB","price":"2.77700000"},{"symbol":"BIFIBUSD","price":"365.40000000"},{"symbol":"LINABTC","price":"0.00000037"},{"symbol":"LINABUSD","price":"0.00631000"},{"symbol":"LINAUSDT","price":"0.00632000"},{"symbol":"ADARUB","price":"19.56000000"},{"symbol":"ENJBRL","price":"1.59200000"},{"symbol":"ENJEUR","price":"0.29010000"},{"symbol":"MATICEUR","price":"0.86050000"},{"symbol":"NEOTRY","price":"138.50000000"},{"symbol":"PERPBTC","price":"0.00002699"},{"symbol":"PERPBUSD","price":"0.46199000"},{"symbol":"PERPUSDT","price":"0.46130000"},{"symbol":"RAMPBTC","price":"0.00000273"},{"symbol":"RAMPBUSD","price":"0.05210000"},{"symbol":"RAMPUSDT","price":"0.05240000"},{"symbol":"SUPERBTC","price":"0.00000594"},{"symbol":"SUPERBUSD","price":"0.10180000"},{"symbol":"SUPERUSDT","price":"0.10180000"},{"symbol":"CFXBTC","price":"0.00000160"},{"symbol":"CFXBUSD","price":"0.02740000"},{"symbol":"CFXUSDT","price":"0.02740000"},{"symbol":"ENJGBP","price":"0.24710000"},{"symbol":"EOSTRY","price":"19.66000000"},{"symbol":"LTCGBP","price":"61.97000000"},{"symbol":"LUNAEUR","price":"0.00006000"},{"symbol":"RVNTRY","price":"0.41700000"},{"symbol":"THETAEUR","price":"0.81800000"},{"symbol":"XVGBUSD","price":"0.00250000"},{"symbol":"EPSBTC","price":"0.00000499"},{"symbol":"EPSBUSD","price":"0.16790000"},{"symbol":"EPSUSDT","price":"0.16790000"},{"symbol":"AUTOBTC","price":"0.01400000"},{"symbol":"AUTOBUSD","price":"239.70000000"},{"symbol":"AUTOUSDT","price":"239.30000000"},{"symbol":"TKOBTC","price":"0.00002242"},{"symbol":"TKOBIDR","price":"6035.20"},{"symbol":"TKOBUSD","price":"0.38500000"},{"symbol":"TKOUSDT","price":"0.38400000"},{"symbol":"PUNDIXETH","price":"0.00031050"},{"symbol":"PUNDIXUSDT","price":"0.39400000"},{"symbol":"BTTBRL","price":"0.01553000"},{"symbol":"BTTEUR","price":"0.00243600"},{"symbol":"HOTEUR","price":"0.00160700"},{"symbol":"WINEUR","price":"0.00008370"},{"symbol":"TLMBTC","price":"0.00000091"},{"symbol":"TLMBUSD","price":"0.01556000"},{"symbol":"TLMUSDT","price":"0.01556000"},{"symbol":"1INCHUPUSDT","price":"0.06570300"},{"symbol":"1INCHDOWNUSDT","price":"0.00614800"},{"symbol":"BTGBUSD","price":"17.62000000"},{"symbol":"BTGUSDT","price":"17.65000000"},{"symbol":"HOTBUSD","price":"0.00169200"},{"symbol":"BNBUAH","price":"11296.00000000"},{"symbol":"ONTTRY","price":"3.50000000"},{"symbol":"VETEUR","price":"0.01826000"},{"symbol":"VETGBP","price":"0.01550000"},{"symbol":"WINBRL","price":"0.00046200"},{"symbol":"MIRBTC","price":"0.00000760"},{"symbol":"MIRBUSD","price":"0.13040000"},{"symbol":"MIRUSDT","price":"0.13045000"},{"symbol":"BARBTC","price":"0.00021160"},{"symbol":"BARBUSD","price":"3.63000000"},{"symbol":"BARUSDT","price":"3.63000000"},{"symbol":"FORTHBTC","price":"0.00021010"},{"symbol":"FORTHBUSD","price":"3.60000000"},{"symbol":"FORTHUSDT","price":"3.61000000"},{"symbol":"CAKEGBP","price":"3.24700000"},{"symbol":"DOGERUB","price":"6.08700000"},{"symbol":"HOTBRL","price":"0.03750000"},{"symbol":"WRXEUR","price":"0.57460000"},{"symbol":"EZBTC","price":"0.00001351"},{"symbol":"EZETH","price":"0.00017500"},{"symbol":"BAKEUSDT","price":"0.17760000"},{"symbol":"BURGERBUSD","price":"0.62000000"},{"symbol":"BURGERUSDT","price":"0.62000000"},{"symbol":"SLPBUSD","price":"0.00257000"},{"symbol":"SLPUSDT","price":"0.00258000"},{"symbol":"TRXAUD","price":"0.09810000"},{"symbol":"TRXEUR","price":"0.05215000"},{"symbol":"VETTRY","price":"0.36350000"},{"symbol":"SHIBUSDT","price":"0.00000923"},{"symbol":"SHIBBUSD","price":"0.00000923"},{"symbol":"ICPBTC","price":"0.00025150"},{"symbol":"ICPBNB","price":"0.01504000"},{"symbol":"ICPBUSD","price":"4.31200000"},{"symbol":"ICPUSDT","price":"4.31000000"},{"symbol":"SHIBEUR","price":"0.00000875"},{"symbol":"SHIBRUB","price":"0.00057730"},{"symbol":"ETCEUR","price":"18.18000000"},{"symbol":"ETCBRL","price":"202.40000000"},{"symbol":"DOGEBIDR","price":"1515.00"},{"symbol":"ARBTC","price":"0.00052380"},{"symbol":"ARBNB","price":"0.03134000"},{"symbol":"ARBUSD","price":"9.00000000"},{"symbol":"ARUSDT","price":"8.99000000"},{"symbol":"POLSBTC","price":"0.00002165"},{"symbol":"POLSBNB","price":"0.00129700"},{"symbol":"POLSBUSD","price":"0.37200000"},{"symbol":"POLSUSDT","price":"0.37100000"},{"symbol":"MDXBTC","price":"0.00000515"},{"symbol":"MDXBNB","price":"0.00061900"},{"symbol":"MDXBUSD","price":"0.08840000"},{"symbol":"MDXUSDT","price":"0.08830000"},{"symbol":"MASKBNB","price":"0.01183000"},{"symbol":"MASKBUSD","price":"3.39200000"},{"symbol":"MASKUSDT","price":"3.39200000"},{"symbol":"LPTBTC","price":"0.00042460"},{"symbol":"LPTBNB","price":"0.02549000"},{"symbol":"LPTBUSD","price":"7.28000000"},{"symbol":"LPTUSDT","price":"7.29000000"},{"symbol":"ETHUAH","price":"49786.00000000"},{"symbol":"MATICBRL","price":"4.75700000"},{"symbol":"SOLEUR","price":"12.92000000"},{"symbol":"SHIBBRL","price":"0.00004845"},{"symbol":"AGIXBTC","price":"0.00000357"},{"symbol":"ICPEUR","price":"4.10000000"},{"symbol":"MATICGBP","price":"0.73870000"},{"symbol":"SHIBTRY","price":"0.00017450"},{"symbol":"MATICBIDR","price":"14182.00"},{"symbol":"MATICRUB","price":"56.79000000"},{"symbol":"NUBTC","price":"0.00001240"},{"symbol":"NUBNB","price":"0.00126770"},{"symbol":"NUBUSD","price":"0.54530000"},{"symbol":"NUUSDT","price":"0.54360000"},{"symbol":"XVGUSDT","price":"0.00250000"},{"symbol":"RLCBUSD","price":"1.78300000"},{"symbol":"CELRBUSD","price":"0.01249000"},{"symbol":"ATMBUSD","price":"2.76000000"},{"symbol":"ZENBUSD","price":"10.19000000"},{"symbol":"FTMBUSD","price":"0.24000000"},{"symbol":"THETABUSD","price":"0.86400000"},{"symbol":"WINBUSD","price":"0.00008810"},{"symbol":"KAVABUSD","price":"0.88800000"},{"symbol":"XEMBUSD","price":"0.09630000"},{"symbol":"ATABTC","price":"0.00000652"},{"symbol":"ATABNB","price":"0.00039000"},{"symbol":"ATABUSD","price":"0.11220000"},{"symbol":"ATAUSDT","price":"0.11190000"},{"symbol":"GTCBTC","price":"0.00010320"},{"symbol":"GTCBNB","price":"0.01860000"},{"symbol":"GTCBUSD","price":"1.76700000"},{"symbol":"GTCUSDT","price":"1.76800000"},{"symbol":"TORNBTC","price":"0.00031590"},{"symbol":"TORNBNB","price":"0.09058000"},{"symbol":"TORNBUSD","price":"5.42000000"},{"symbol":"TORNUSDT","price":"5.41000000"},{"symbol":"MATICTRY","price":"17.13000000"},{"symbol":"ETCGBP","price":"26.54000000"},{"symbol":"SOLGBP","price":"11.08000000"},{"symbol":"BAKEBTC","price":"0.00001034"},{"symbol":"COTIBUSD","price":"0.07160000"},{"symbol":"KEEPBTC","price":"0.00001432"},{"symbol":"KEEPBNB","price":"0.00145070"},{"symbol":"KEEPBUSD","price":"0.62600000"},{"symbol":"KEEPUSDT","price":"0.62510000"},{"symbol":"SOLTRY","price":"257.50000000"},{"symbol":"RUNEGBP","price":"1.14000000"},{"symbol":"SOLBRL","price":"71.20000000"},{"symbol":"SCBUSD","price":"0.00265000"},{"symbol":"CHRBUSD","price":"0.12310000"},{"symbol":"STMXBUSD","price":"0.00511300"},{"symbol":"HNTBUSD","price":"2.10000000"},{"symbol":"FTTBUSD","price":"1.64240000"},{"symbol":"DOCKBUSD","price":"0.01671000"},{"symbol":"ADABIDR","price":"4885.00"},{"symbol":"ERNBNB","price":"0.00735000"},{"symbol":"ERNBUSD","price":"2.10700000"},{"symbol":"ERNUSDT","price":"2.10600000"},{"symbol":"KLAYBTC","price":"0.00001083"},{"symbol":"KLAYBNB","price":"0.00064700"},{"symbol":"KLAYBUSD","price":"0.18580000"},{"symbol":"KLAYUSDT","price":"0.18570000"},{"symbol":"RUNEEUR","price":"1.32600000"},{"symbol":"MATICAUD","price":"1.33410000"},{"symbol":"DOTRUB","price":"331.00000000"},{"symbol":"UTKBUSD","price":"0.10180000"},{"symbol":"IOTXBUSD","price":"0.02327000"},{"symbol":"PHAUSDT","price":"0.14960000"},{"symbol":"SOLRUB","price":"854.00000000"},{"symbol":"RUNEAUD","price":"17.40400000"},{"symbol":"BUSDUAH","price":"39.28000000"},{"symbol":"BONDBTC","price":"0.00023310"},{"symbol":"BONDBNB","price":"0.02969000"},{"symbol":"BONDBUSD","price":"3.99700000"},{"symbol":"BONDUSDT","price":"3.99500000"},{"symbol":"MLNBTC","price":"0.00126300"},{"symbol":"MLNBNB","price":"0.09880000"},{"symbol":"MLNBUSD","price":"21.67000000"},{"symbol":"MLNUSDT","price":"21.72000000"},{"symbol":"GRTTRY","price":"1.36900000"},{"symbol":"CAKEBRL","price":"69.72000000"},{"symbol":"ICPRUB","price":"4589.00000000"},{"symbol":"DOTAUD","price":"7.78000000"},{"symbol":"AAVEBRL","price":"1792.00000000"},{"symbol":"EOSAUD","price":"6.55500000"},{"symbol":"DEXEUSDT","price":"2.48900000"},{"symbol":"LTOBUSD","price":"0.08580000"},{"symbol":"ADXBUSD","price":"0.13810000"},{"symbol":"QUICKBTC","price":"0.00323200"},{"symbol":"QUICKBNB","price":"0.42200000"},{"symbol":"QUICKBUSD","price":"55.30000000"},{"symbol":"C98USDT","price":"0.23180000"},{"symbol":"C98BUSD","price":"0.23200000"},{"symbol":"C98BNB","price":"0.00081000"},{"symbol":"C98BTC","price":"0.00001349"},{"symbol":"CLVBTC","price":"0.00000377"},{"symbol":"CLVBNB","price":"0.00022630"},{"symbol":"CLVBUSD","price":"0.06478000"},{"symbol":"CLVUSDT","price":"0.06494000"},{"symbol":"QNTBTC","price":"0.00699800"},{"symbol":"QNTBNB","price":"0.41900000"},{"symbol":"QNTBUSD","price":"120.10000000"},{"symbol":"QNTUSDT","price":"120.20000000"},{"symbol":"FLOWBTC","price":"0.00005910"},{"symbol":"FLOWBNB","price":"0.00353100"},{"symbol":"FLOWBUSD","price":"1.01500000"},{"symbol":"FLOWUSDT","price":"1.01700000"},{"symbol":"XECBUSD","price":"0.00002915"},{"symbol":"AXSBRL","price":"44.30000000"},{"symbol":"AXSAUD","price":"12.45000000"},{"symbol":"TVKUSDT","price":"0.03340000"},{"symbol":"MINABTC","price":"0.00003209"},{"symbol":"MINABNB","price":"0.00191400"},{"symbol":"MINABUSD","price":"0.55000000"},{"symbol":"MINAUSDT","price":"0.55000000"},{"symbol":"RAYBNB","price":"0.00067700"},{"symbol":"RAYBUSD","price":"0.19540000"},{"symbol":"RAYUSDT","price":"0.19520000"},{"symbol":"FARMBTC","price":"0.00207700"},{"symbol":"FARMBNB","price":"0.15150000"},{"symbol":"FARMBUSD","price":"35.60000000"},{"symbol":"FARMUSDT","price":"35.70000000"},{"symbol":"ALPACABTC","price":"0.00001577"},{"symbol":"ALPACABNB","price":"0.00094400"},{"symbol":"ALPACABUSD","price":"0.27130000"},{"symbol":"ALPACAUSDT","price":"0.27050000"},{"symbol":"TLMTRY","price":"0.29440000"},{"symbol":"QUICKUSDT","price":"55.30000000"},{"symbol":"ORNBUSD","price":"0.91200000"},{"symbol":"MBOXBTC","price":"0.00002687"},{"symbol":"MBOXBNB","price":"0.00161000"},{"symbol":"MBOXBUSD","price":"0.46100000"},{"symbol":"MBOXUSDT","price":"0.46300000"},{"symbol":"VGXBTC","price":"0.00002524"},{"symbol":"VGXETH","price":"0.00034800"},{"symbol":"FORUSDT","price":"0.01668000"},{"symbol":"REQUSDT","price":"0.09470000"},{"symbol":"GHSTUSDT","price":"1.01600000"},{"symbol":"TRURUB","price":"2.33000000"},{"symbol":"FISBRL","price":"1.58400000"},{"symbol":"WAXPUSDT","price":"0.05870000"},{"symbol":"WAXPBUSD","price":"0.05850000"},{"symbol":"WAXPBNB","price":"0.00020430"},{"symbol":"WAXPBTC","price":"0.00000341"},{"symbol":"TRIBEBTC","price":"0.00000743"},{"symbol":"TRIBEBNB","price":"0.00143100"},{"symbol":"TRIBEBUSD","price":"0.21080000"},{"symbol":"TRIBEUSDT","price":"0.20180000"},{"symbol":"GNOUSDT","price":"89.60000000"},{"symbol":"GNOBUSD","price":"304.10000000"},{"symbol":"GNOBNB","price":"0.86500000"},{"symbol":"GNOBTC","price":"0.00562400"},{"symbol":"ARPATRY","price":"0.55000000"},{"symbol":"PROMBTC","price":"0.00026650"},{"symbol":"MTLBUSD","price":"0.74600000"},{"symbol":"OGNBUSD","price":"0.10430000"},{"symbol":"XECUSDT","price":"0.00002915"},{"symbol":"C98BRL","price":"1.21700000"},{"symbol":"SOLAUD","price":"20.02000000"},{"symbol":"XRPBIDR","price":"6071.00"},{"symbol":"POLYBUSD","price":"0.27000000"},{"symbol":"ELFUSDT","price":"0.13010000"},{"symbol":"DYDXUSDT","price":"1.61300000"},{"symbol":"DYDXBUSD","price":"1.61400000"},{"symbol":"DYDXBNB","price":"0.00562200"},{"symbol":"DYDXBTC","price":"0.00009398"},{"symbol":"ELFBUSD","price":"0.13000000"},{"symbol":"POLYUSDT","price":"0.26960000"},{"symbol":"IDEXUSDT","price":"0.04795000"},{"symbol":"VIDTUSDT","price":"0.03922000"},{"symbol":"SOLBIDR","price":"212897.00"},{"symbol":"AXSBIDR","price":"138500.00"},{"symbol":"BTCUSDP","price":"19435.03000000"},{"symbol":"ETHUSDP","price":"1344.37000000"},{"symbol":"BNBUSDP","price":"282.09000000"},{"symbol":"USDPBUSD","price":"1.00000000"},{"symbol":"USDPUSDT","price":"0.99970000"},{"symbol":"GALAUSDT","price":"0.02561000"},{"symbol":"GALABUSD","price":"0.02562000"},{"symbol":"GALABNB","price":"0.00008936"},{"symbol":"GALABTC","price":"0.00000150"},{"symbol":"FTMBIDR","price":"3753.00"},{"symbol":"ALGOBIDR","price":"20095.00"},{"symbol":"CAKEAUD","price":"25.61000000"},{"symbol":"KSMAUD","price":"234.80000000"},{"symbol":"WAVESRUB","price":"1190.49000000"},{"symbol":"SUNBUSD","price":"0.00564000"},{"symbol":"ILVUSDT","price":"46.70000000"},{"symbol":"ILVBUSD","price":"46.50000000"},{"symbol":"ILVBNB","price":"0.16200000"},{"symbol":"ILVBTC","price":"0.00273000"},{"symbol":"RENBUSD","price":"0.08318500"},{"symbol":"YGGUSDT","price":"0.22940000"},{"symbol":"YGGBUSD","price":"0.22930000"},{"symbol":"YGGBNB","price":"0.00080000"},{"symbol":"YGGBTC","price":"0.00001342"},{"symbol":"STXBUSD","price":"0.27300000"},{"symbol":"SYSUSDT","price":"0.11830000"},{"symbol":"DFUSDT","price":"0.04830000"},{"symbol":"SOLUSDC","price":"33.68000000"},{"symbol":"ARPARUB","price":"1.82800000"},{"symbol":"LTCUAH","price":"2998.00000000"},{"symbol":"FETBUSD","price":"0.10740000"},{"symbol":"ARPABUSD","price":"0.02910000"},{"symbol":"LSKBUSD","price":"0.81300000"},{"symbol":"AVAXBIDR","price":"266752.00"},{"symbol":"ALICEBIDR","price":"29103.00"},{"symbol":"FIDAUSDT","price":"0.38020000"},{"symbol":"FIDABUSD","price":"0.37910000"},{"symbol":"FIDABNB","price":"0.00543000"},{"symbol":"FIDABTC","price":"0.00002220"},{"symbol":"DENTBUSD","price":"0.00069900"},{"symbol":"FRONTUSDT","price":"0.20050000"},{"symbol":"CVPUSDT","price":"0.37090000"},{"symbol":"AGLDBTC","price":"0.00001902"},{"symbol":"AGLDBNB","price":"0.00190000"},{"symbol":"AGLDBUSD","price":"0.32600000"},{"symbol":"AGLDUSDT","price":"0.32600000"},{"symbol":"RADBTC","price":"0.00009770"},{"symbol":"RADBNB","price":"0.00583000"},{"symbol":"RADBUSD","price":"1.67600000"},{"symbol":"RADUSDT","price":"1.67200000"},{"symbol":"UNIAUD","price":"34.47000000"},{"symbol":"HIVEBUSD","price":"0.34870000"},{"symbol":"STPTBUSD","price":"0.03184000"},{"symbol":"BETABTC","price":"0.00000486"},{"symbol":"BETABNB","price":"0.00029060"},{"symbol":"BETABUSD","price":"0.08311000"},{"symbol":"BETAUSDT","price":"0.08314000"},{"symbol":"SHIBAUD","price":"0.00001358"},{"symbol":"RAREBTC","price":"0.00000721"},{"symbol":"RAREBNB","price":"0.00069100"},{"symbol":"RAREBUSD","price":"0.12410000"},{"symbol":"RAREUSDT","price":"0.12370000"},{"symbol":"AVAXBRL","price":"70.20000000"},{"symbol":"AVAXAUD","price":"19.72000000"},{"symbol":"LUNAAUD","price":"0.00009000"},{"symbol":"TROYBUSD","price":"0.00286700"},{"symbol":"AXSETH","price":"0.00667000"},{"symbol":"FTMETH","price":"0.00018950"},{"symbol":"SOLETH","price":"0.01073000"},{"symbol":"SSVBTC","price":"0.00060180"},{"symbol":"SSVETH","price":"0.00821300"},{"symbol":"LAZIOTRY","price":"94.54700000"},{"symbol":"LAZIOEUR","price":"4.76550000"},{"symbol":"LAZIOBTC","price":"0.00029097"},{"symbol":"LAZIOUSDT","price":"4.98800000"},{"symbol":"CHESSBTC","price":"0.00001227"},{"symbol":"CHESSBNB","price":"0.00188500"},{"symbol":"CHESSBUSD","price":"0.21000000"},{"symbol":"CHESSUSDT","price":"0.21000000"},{"symbol":"FTMAUD","price":"0.35340000"},{"symbol":"FTMBRL","price":"1.25900000"},{"symbol":"SCRTBUSD","price":"0.79100000"},{"symbol":"ADXUSDT","price":"0.13820000"},{"symbol":"AUCTIONUSDT","price":"5.15000000"},{"symbol":"CELOBUSD","price":"0.62400000"},{"symbol":"FTMRUB","price":"15.13000000"},{"symbol":"NUAUD","price":"0.76900000"},{"symbol":"NURUB","price":"41.13000000"},{"symbol":"REEFTRY","price":"0.05730000"},{"symbol":"REEFBIDR","price":"162.00"},{"symbol":"SHIBDOGE","price":"0.00009550"},{"symbol":"DARUSDT","price":"0.13081000"},{"symbol":"DARBUSD","price":"0.13081000"},{"symbol":"DARBNB","price":"0.00045647"},{"symbol":"DARBTC","price":"0.00000763"},{"symbol":"BNXBTC","price":"0.00306200"},{"symbol":"BNXBNB","price":"0.18300000"},{"symbol":"BNXBUSD","price":"52.50000000"},{"symbol":"BNXUSDT","price":"52.60000000"},{"symbol":"RGTUSDT","price":"14.44000000"},{"symbol":"RGTBTC","price":"0.00037960"},{"symbol":"RGTBUSD","price":"14.46000000"},{"symbol":"RGTBNB","price":"0.03997000"},{"symbol":"LAZIOBUSD","price":"4.98960000"},{"symbol":"OXTBUSD","price":"0.08330000"},{"symbol":"MANATRY","price":"7.52000000"},{"symbol":"ALGORUB","price":"14.43000000"},{"symbol":"SHIBUAH","price":"0.00079300"},{"symbol":"LUNABIDR","price":"0.88"},{"symbol":"AUDUSDC","price":"0.64770000"},{"symbol":"MOVRBTC","price":"0.00048470"},{"symbol":"MOVRBNB","price":"0.15520000"},{"symbol":"MOVRBUSD","price":"8.31000000"},{"symbol":"MOVRUSDT","price":"8.33000000"},{"symbol":"CITYBTC","price":"0.00023850"},{"symbol":"CITYBNB","price":"0.01434000"},{"symbol":"CITYBUSD","price":"4.08000000"},{"symbol":"CITYUSDT","price":"4.09000000"},{"symbol":"ENSBTC","price":"0.00079980"},{"symbol":"ENSBNB","price":"0.04795000"},{"symbol":"ENSBUSD","price":"13.74000000"},{"symbol":"ENSUSDT","price":"13.73000000"},{"symbol":"SANDETH","price":"0.00046150"},{"symbol":"DOTETH","price":"0.00417100"},{"symbol":"MATICETH","price":"0.00071520"},{"symbol":"ANKRBUSD","price":"0.02100000"},{"symbol":"SANDTRY","price":"11.03000000"},{"symbol":"MANABRL","price":"2.08000000"},{"symbol":"KP3RUSDT","price":"76.67000000"},{"symbol":"QIUSDT","price":"0.00816000"},{"symbol":"QIBUSD","price":"0.00815000"},{"symbol":"QIBNB","price":"0.00009910"},{"symbol":"QIBTC","price":"0.00000048"},{"symbol":"PORTOBTC","price":"0.00021443"},{"symbol":"PORTOUSDT","price":"3.68330000"},{"symbol":"PORTOTRY","price":"69.71000000"},{"symbol":"PORTOEUR","price":"3.50370000"},{"symbol":"POWRUSDT","price":"0.14910000"},{"symbol":"POWRBUSD","price":"0.14920000"},{"symbol":"AVAXETH","price":"0.01057000"},{"symbol":"SLPTRY","price":"0.04860000"},{"symbol":"FISTRY","price":"8.87000000"},{"symbol":"LRCTRY","price":"4.64000000"},{"symbol":"CHRETH","price":"0.00009690"},{"symbol":"FISBIDR","price":"9124.00"},{"symbol":"VGXUSDT","price":"0.39100000"},{"symbol":"GALAETH","price":"0.00002026"},{"symbol":"JASMYUSDT","price":"0.00381500"},{"symbol":"JASMYBUSD","price":"0.00381900"},{"symbol":"JASMYBNB","price":"0.00001331"},{"symbol":"JASMYBTC","price":"0.00000022"},{"symbol":"AMPBTC","price":"0.00000020"},{"symbol":"AMPBNB","price":"0.00003999"},{"symbol":"AMPBUSD","price":"0.00347000"},{"symbol":"AMPUSDT","price":"0.00346000"},{"symbol":"PLABTC","price":"0.00001186"},{"symbol":"PLABNB","price":"0.00070800"},{"symbol":"PLABUSD","price":"0.20400000"},{"symbol":"PLAUSDT","price":"0.20300000"},{"symbol":"PYRBTC","price":"0.00018640"},{"symbol":"PYRBUSD","price":"3.19000000"},{"symbol":"PYRUSDT","price":"3.20000000"},{"symbol":"RNDRBTC","price":"0.00002970"},{"symbol":"RNDRUSDT","price":"0.51000000"},{"symbol":"RNDRBUSD","price":"0.51000000"},{"symbol":"ALCXBTC","price":"0.00102200"},{"symbol":"ALCXBUSD","price":"17.60000000"},{"symbol":"ALCXUSDT","price":"17.50000000"},{"symbol":"SANTOSBTC","price":"0.00037895"},{"symbol":"SANTOSUSDT","price":"6.50400000"},{"symbol":"SANTOSBRL","price":"34.12000000"},{"symbol":"SANTOSTRY","price":"123.04000000"},{"symbol":"MCBTC","price":"0.00002413"},{"symbol":"MCBUSD","price":"0.41500000"},{"symbol":"MCUSDT","price":"0.41300000"},{"symbol":"BELTRY","price":"8.78000000"},{"symbol":"COCOSBUSD","price":"0.62110000"},{"symbol":"DENTTRY","price":"0.01323000"},{"symbol":"ENJTRY","price":"5.77000000"},{"symbol":"NEORUB","price":"458.00000000"},{"symbol":"SANDAUD","price":"0.86080000"},{"symbol":"SLPBIDR","price":"40.30"},{"symbol":"ANYBTC","price":"0.00026020"},{"symbol":"ANYBUSD","price":"12.33000000"},{"symbol":"ANYUSDT","price":"12.30000000"},{"symbol":"BICOBTC","price":"0.00001723"},{"symbol":"BICOBUSD","price":"0.29600000"},{"symbol":"BICOUSDT","price":"0.29500000"},{"symbol":"FLUXBTC","price":"0.00003011"},{"symbol":"FLUXBUSD","price":"0.51800000"},{"symbol":"FLUXUSDT","price":"0.51700000"},{"symbol":"ALICETRY","price":"24.98000000"},{"symbol":"FXSUSDT","price":"6.14400000"},{"symbol":"GALABRL","price":"0.13400000"},{"symbol":"GALATRY","price":"0.48400000"},{"symbol":"LUNATRY","price":"30.85000000"},{"symbol":"REQBUSD","price":"0.09450000"},{"symbol":"SANDBRL","price":"3.07000000"},{"symbol":"MANABIDR","price":"10781.00"},{"symbol":"SANDBIDR","price":"9132.00"},{"symbol":"VOXELBTC","price":"0.00001246"},{"symbol":"VOXELBNB","price":"0.00074560"},{"symbol":"VOXELBUSD","price":"0.21370000"},{"symbol":"VOXELUSDT","price":"0.21390000"},{"symbol":"COSBUSD","price":"0.00512000"},{"symbol":"CTXCBUSD","price":"0.17530000"},{"symbol":"FTMTRY","price":"4.54100000"},{"symbol":"MANABNB","price":"0.00155000"},{"symbol":"MINATRY","price":"10.38000000"},{"symbol":"XTZTRY","price":"18.67000000"},{"symbol":"HIGHBTC","price":"0.00007165"},{"symbol":"HIGHBUSD","price":"1.22800000"},{"symbol":"HIGHUSDT","price":"1.22800000"},{"symbol":"CVXBTC","price":"0.00022400"},{"symbol":"CVXBUSD","price":"3.84300000"},{"symbol":"CVXUSDT","price":"3.84400000"},{"symbol":"PEOPLEBTC","price":"0.00000138"},{"symbol":"PEOPLEBUSD","price":"0.02373000"},{"symbol":"PEOPLEUSDT","price":"0.02373000"},{"symbol":"OOKIBUSD","price":"0.00371000"},{"symbol":"OOKIUSDT","price":"0.00370000"},{"symbol":"COCOSTRY","price":"11.72000000"},{"symbol":"GXSBNB","price":"0.00453800"},{"symbol":"LINKBNB","price":"0.02365000"},{"symbol":"LUNAETH","price":"0.00000003"},{"symbol":"MDTBUSD","price":"0.02562000"},{"symbol":"NULSBUSD","price":"0.20990000"},{"symbol":"SPELLBTC","price":"0.00000012"},{"symbol":"SPELLUSDT","price":"0.00063020"},{"symbol":"SPELLBUSD","price":"0.00063040"},{"symbol":"USTBTC","price":"0.00002476"},{"symbol":"USTBUSD","price":"0.06762946"},{"symbol":"USTUSDT","price":"0.24577900"},{"symbol":"JOEBTC","price":"0.00001016"},{"symbol":"JOEBUSD","price":"0.17300000"},{"symbol":"JOEUSDT","price":"0.17400000"},{"symbol":"ATOMETH","price":"0.00765000"},{"symbol":"DUSKBUSD","price":"0.09270000"},{"symbol":"EGLDETH","price":"0.03613000"},{"symbol":"ICPETH","price":"0.00341500"},{"symbol":"LUNABRL","price":"0.00030000"},{"symbol":"LUNAUST","price":"0.00004900"},{"symbol":"NEARETH","price":"0.00134400"},{"symbol":"ROSEBNB","price":"0.00015340"},{"symbol":"VOXELETH","price":"0.00020220"},{"symbol":"ALICEBNB","price":"0.00459400"},{"symbol":"ATOMTRY","price":"183.10000000"},{"symbol":"ETHUST","price":"8239.72000000"},{"symbol":"GALAAUD","price":"0.03830000"},{"symbol":"LRCBNB","price":"0.00085500"},{"symbol":"ONEETH","price":"0.00001151"},{"symbol":"OOKIBNB","price":"0.00001491"},{"symbol":"ACHBTC","price":"0.00000055"},{"symbol":"ACHBUSD","price":"0.00936000"},{"symbol":"ACHUSDT","price":"0.00935000"},{"symbol":"IMXBTC","price":"0.00002562"},{"symbol":"IMXBUSD","price":"0.44000000"},{"symbol":"IMXUSDT","price":"0.44000000"},{"symbol":"GLMRBTC","price":"0.00002385"},{"symbol":"GLMRBUSD","price":"0.41040000"},{"symbol":"GLMRUSDT","price":"0.41030000"},{"symbol":"ATOMBIDR","price":"307866.00"},{"symbol":"DYDXETH","price":"0.00159100"},{"symbol":"FARMETH","price":"0.03152000"},{"symbol":"FORBNB","price":"0.00009710"},{"symbol":"ICPTRY","price":"81.50000000"},{"symbol":"JASMYETH","price":"0.00000301"},{"symbol":"LINABNB","price":"0.00007811"},{"symbol":"OOKIETH","price":"0.00000292"},{"symbol":"ROSEETH","price":"0.00003540"},{"symbol":"UMABUSD","price":"1.74000000"},{"symbol":"UNIETH","price":"0.00483100"},{"symbol":"XTZETH","price":"0.00078100"},{"symbol":"LOKABTC","price":"0.00002517"},{"symbol":"LOKABNB","price":"0.00150720"},{"symbol":"LOKABUSD","price":"0.43220000"},{"symbol":"LOKAUSDT","price":"0.43280000"},{"symbol":"ATOMBRL","price":"50.67000000"},{"symbol":"BNBUST","price":"1129.30000000"},{"symbol":"CRVETH","price":"0.00050900"},{"symbol":"HIGHBNB","price":"0.00428500"},{"symbol":"NEARRUB","price":"106.80000000"},{"symbol":"ROSETRY","price":"0.84600000"},{"symbol":"SCRTUSDT","price":"0.79000000"},{"symbol":"API3BTC","price":"0.00008508"},{"symbol":"API3BUSD","price":"1.45900000"},{"symbol":"API3USDT","price":"1.46300000"},{"symbol":"BTTCUSDT","price":"0.00000069"},{"symbol":"BTTCUSDC","price":"0.00000078"},{"symbol":"BTTCTRY","price":"0.00001293"},{"symbol":"ACABTC","price":"0.00000755"},{"symbol":"ACABUSD","price":"0.13010000"},{"symbol":"ACAUSDT","price":"0.13000000"},{"symbol":"ANCBTC","price":"0.00000300"},{"symbol":"ANCBUSD","price":"0.05142000"},{"symbol":"ANCUSDT","price":"0.05141000"},{"symbol":"BDOTDOT","price":"0.74210000"},{"symbol":"XNOBTC","price":"0.00004504"},{"symbol":"XNOETH","price":"0.00060940"},{"symbol":"XNOBUSD","price":"0.76900000"},{"symbol":"XNOUSDT","price":"0.76900000"},{"symbol":"COSTRY","price":"0.09700000"},{"symbol":"KAVAETH","price":"0.00070300"},{"symbol":"MCBNB","price":"0.00142800"},{"symbol":"ONETRY","price":"0.27600000"},{"symbol":"WOOBTC","price":"0.00000732"},{"symbol":"WOOBNB","price":"0.00043900"},{"symbol":"WOOBUSD","price":"0.12590000"},{"symbol":"WOOUSDT","price":"0.12580000"},{"symbol":"CELRETH","price":"0.00000986"},{"symbol":"PEOPLEBNB","price":"0.00008240"},{"symbol":"SLPBNB","price":"0.00000884"},{"symbol":"SPELLBNB","price":"0.00000404"},{"symbol":"SPELLTRY","price":"0.01192000"},{"symbol":"TFUELBUSD","price":"0.04390000"},{"symbol":"AXSTRY","price":"159.90000000"},{"symbol":"DARTRY","price":"2.48000000"},{"symbol":"NEARTRY","price":"32.22000000"},{"symbol":"IDEXBNB","price":"0.00016710"},{"symbol":"ALPINEEUR","price":"2.54140000"},{"symbol":"ALPINETRY","price":"50.51000000"},{"symbol":"ALPINEUSDT","price":"2.66900000"},{"symbol":"ALPINEBTC","price":"0.00015562"},{"symbol":"TUSDT","price":"0.01870000"},{"symbol":"TBUSD","price":"0.01890000"},{"symbol":"API3BNB","price":"0.00533000"},{"symbol":"BETAETH","price":"0.00006620"},{"symbol":"INJTRY","price":"31.21000000"},{"symbol":"TLMBNB","price":"0.00010990"},{"symbol":"ASTRBUSD","price":"0.04320000"},{"symbol":"ASTRUSDT","price":"0.04330000"},{"symbol":"API3TRY","price":"27.67000000"},{"symbol":"GLMRBNB","price":"0.00142700"},{"symbol":"MBOXTRY","price":"8.73000000"},{"symbol":"NBTBIDR","price":"72.00"},{"symbol":"NBTUSDT","price":"0.00456000"},{"symbol":"GMTBTC","price":"0.00002334"},{"symbol":"GMTBNB","price":"0.00139600"},{"symbol":"GMTBUSD","price":"0.40040000"},{"symbol":"GMTUSDT","price":"0.40040000"},{"symbol":"ANCBNB","price":"0.00017950"},{"symbol":"ATOMEUR","price":"9.20900000"},{"symbol":"GALAEUR","price":"0.02432000"},{"symbol":"KSMETH","price":"0.02350000"},{"symbol":"UMATRY","price":"32.90000000"},{"symbol":"KDABTC","price":"0.00005890"},{"symbol":"KDABUSD","price":"1.01200000"},{"symbol":"KDAUSDT","price":"1.01000000"},{"symbol":"APEUSDT","price":"4.03900000"},{"symbol":"APEBUSD","price":"4.04000000"},{"symbol":"APEBTC","price":"0.00023546"},{"symbol":"ALPINEBUSD","price":"2.66890000"},{"symbol":"LUNAGBP","price":"0.00005000"},{"symbol":"NEAREUR","price":"1.61000000"},{"symbol":"TWTTRY","price":"48.34000000"},{"symbol":"WAVESEUR","price":"1.94400000"},{"symbol":"APEEUR","price":"3.84600000"},{"symbol":"APEGBP","price":"3.29400000"},{"symbol":"APETRY","price":"76.40000000"},{"symbol":"BSWUSDT","price":"0.21110000"},{"symbol":"BSWBUSD","price":"0.21070000"},{"symbol":"BSWBNB","price":"0.00073400"},{"symbol":"APEBNB","price":"0.01410000"},{"symbol":"GMTBRL","price":"2.10500000"},{"symbol":"GMTETH","price":"0.00031650"},{"symbol":"JASMYTRY","price":"0.07223000"},{"symbol":"SANTOSBUSD","price":"6.49900000"},{"symbol":"APEAUD","price":"5.95600000"},{"symbol":"BIFIUSDT","price":"365.90000000"},{"symbol":"GMTEUR","price":"0.37940000"},{"symbol":"IMXBNB","price":"0.00153200"},{"symbol":"RUNEETH","price":"0.00110200"},{"symbol":"AVAXGBP","price":"10.92000000"},{"symbol":"MULTIBTC","price":"0.00023940"},{"symbol":"MULTIBUSD","price":"4.10000000"},{"symbol":"MULTIUSDT","price":"4.09000000"},{"symbol":"APEETH","price":"0.00319000"},{"symbol":"BSWETH","price":"0.00016630"},{"symbol":"FILTRY","price":"83.00000000"},{"symbol":"FTMEUR","price":"0.22800000"},{"symbol":"GMTGBP","price":"0.32580000"},{"symbol":"ZILTRY","price":"0.42100000"},{"symbol":"GMTTRY","price":"7.57000000"},{"symbol":"WAVESTRY","price":"38.70000000"},{"symbol":"BTCUST","price":"121179.88000000"},{"symbol":"ASTRBTC","price":"0.00000252"},{"symbol":"ASTRETH","price":"0.00003412"},{"symbol":"BSWTRY","price":"4.00000000"},{"symbol":"FTTETH","price":"0.00114100"},{"symbol":"FUNBNB","price":"0.00002260"},{"symbol":"PORTOBUSD","price":"3.68290000"},{"symbol":"STEEMUSDT","price":"0.17480000"},{"symbol":"ZILEUR","price":"0.02063000"},{"symbol":"APEBRL","price":"21.25000000"},{"symbol":"AUDIOTRY","price":"2.91100000"},{"symbol":"BTTCBUSD","price":"0.00000068"},{"symbol":"GMTAUD","price":"0.58950000"},{"symbol":"MBLBUSD","price":"0.00271700"},{"symbol":"MOBUSDT","price":"1.08900000"},{"symbol":"MOBBUSD","price":"1.08800000"},{"symbol":"MOBBTC","price":"0.00006347"},{"symbol":"NEXOUSDT","price":"0.67400000"},{"symbol":"NEXOBUSD","price":"0.67400000"},{"symbol":"NEXOBTC","price":"0.00003932"},{"symbol":"REIUSDT","price":"0.02560000"},{"symbol":"REIBNB","price":"0.00008930"},{"symbol":"REIETH","price":"0.00002025"},{"symbol":"GALUSDT","price":"1.44100000"},{"symbol":"GALBUSD","price":"1.44000000"},{"symbol":"GALBNB","price":"0.00501900"},{"symbol":"GALBTC","price":"0.00008394"},{"symbol":"JASMYEUR","price":"0.00362600"},{"symbol":"KNCBNB","price":"0.00220900"},{"symbol":"SHIBGBP","price":"0.00000754"},{"symbol":"GALEUR","price":"1.37200000"},{"symbol":"GALTRY","price":"27.20000000"},{"symbol":"LDOBUSD","price":"1.03800000"},{"symbol":"LDOUSDT","price":"1.03600000"},{"symbol":"LDOBTC","price":"0.00006047"},{"symbol":"ENSTRY","price":"259.90000000"},{"symbol":"DAREUR","price":"0.12535000"},{"symbol":"DARETH","price":"0.00010340"},{"symbol":"ALGOETH","price":"0.00017990"},{"symbol":"ALGOTRY","price":"4.32100000"},{"symbol":"GALETH","price":"0.00113700"},{"symbol":"EPXUSDT","price":"0.00032900"},{"symbol":"EPXBUSD","price":"0.00033100"},{"symbol":"RUNETRY","price":"26.47000000"},{"symbol":"GALBRL","price":"7.56000000"},{"symbol":"STEEMBUSD","price":"0.17480000"},{"symbol":"CVCBUSD","price":"0.09570000"},{"symbol":"REIBUSD","price":"0.02560000"},{"symbol":"DREPBUSD","price":"0.30780000"},{"symbol":"AKROBUSD","price":"0.00297000"},{"symbol":"PUNDIXBUSD","price":"0.39400000"},{"symbol":"LUNCBUSD","price":"0.00017119"},{"symbol":"USTCBUSD","price":"0.02318216"},{"symbol":"OPBTC","price":"0.00006195"},{"symbol":"OPBUSD","price":"1.06400000"},{"symbol":"OPUSDT","price":"1.06300000"},{"symbol":"OGBUSD","price":"3.18000000"},{"symbol":"KEYBUSD","price":"0.00362900"},{"symbol":"ASRBUSD","price":"2.73100000"},{"symbol":"FIROBUSD","price":"1.87000000"},{"symbol":"NKNBUSD","price":"0.08490000"},{"symbol":"OPBNB","price":"0.00370400"},{"symbol":"OPEUR","price":"1.01000000"},{"symbol":"GTOBUSD","price":"0.01711000"},{"symbol":"SNXETH","price":"0.00150400"},{"symbol":"WBTCBUSD","price":"17116.75000000"},{"symbol":"BELETH","price":"0.00036640"},{"symbol":"LITETH","price":"0.00064720"},{"symbol":"LEVERUSDT","price":"0.00221100"},{"symbol":"LEVERBUSD","price":"0.00221000"},{"symbol":"BURGERETH","price":"0.00049000"},{"symbol":"PEOPLEETH","price":"0.00001872"},{"symbol":"UNFIETH","price":"0.00383400"},{"symbol":"BONDETH","price":"0.00316200"},{"symbol":"STORJTRY","price":"6.08000000"},{"symbol":"OPETH","price":"0.00084000"},{"symbol":"ETCTRY","price":"362.20000000"},{"symbol":"WINGETH","price":"0.00512000"},{"symbol":"FILETH","price":"0.00347800"},{"symbol":"GLMBUSD","price":"0.22190000"},{"symbol":"SSVBUSD","price":"10.29000000"},{"symbol":"STGBTC","price":"0.00002355"},{"symbol":"STGBUSD","price":"0.40470000"},{"symbol":"STGUSDT","price":"0.40430000"},{"symbol":"ANKRTRY","price":"0.39750000"},{"symbol":"ARKBUSD","price":"0.25700000"},{"symbol":"BETHBUSD","price":"1235.23000000"},{"symbol":"LOOMBUSD","price":"0.04893000"},{"symbol":"SNMBUSD","price":"0.70340000"},{"symbol":"AMBBUSD","price":"0.01203000"},{"symbol":"LUNCUSDT","price":"0.00017120"},{"symbol":"PHBBUSD","price":"0.64710000"},{"symbol":"GASBUSD","price":"2.34300000"},{"symbol":"NEBLBUSD","price":"1.78000000"},{"symbol":"PROSBUSD","price":"0.60040000"},{"symbol":"VIBBUSD","price":"0.07831000"},{"symbol":"GMXBTC","price":"0.00303400"},{"symbol":"GMXBUSD","price":"52.03000000"},{"symbol":"GMXUSDT","price":"52.09000000"},{"symbol":"AGIXBUSD","price":"0.06133000"},{"symbol":"NEBLUSDT","price":"1.77900000"},{"symbol":"SNTBUSD","price":"0.02288000"},{"symbol":"POLYXBTC","price":"0.00000971"},{"symbol":"POLYXBUSD","price":"0.16560000"},{"symbol":"POLYXUSDT","price":"0.16620000"},{"symbol":"APTBTC","price":"0.00027935"},{"symbol":"APTUSDT","price":"4.79400000"},{"symbol":"APTBUSD","price":"4.79390000"},{"symbol":"BTCPLN","price":"76848.00000000"},{"symbol":"ETHPLN","price":"5677.00000000"},{"symbol":"BUSDPLN","price":"4.48200000"},{"symbol":"APTEUR","price":"4.55410000"},{"symbol":"APTTRY","price":"90.70000000"},{"symbol":"APTBRL","price":"25.08000000"},{"symbol":"QKCBUSD","price":"0.00892200"},{"symbol":"OSMOBTC","price":"0.00005172"},{"symbol":"OSMOUSDT","price":"0.88900000"},{"symbol":"OSMOBUSD","price":"0.89100000"},{"symbol":"HFTBTC","price":"0.00002905"},{"symbol":"HFTBUSD","price":"0.49860000"},{"symbol":"HFTUSDT","price":"0.49850000"},{"symbol":"ARPAETH","price":"0.00002294"},{"symbol":"PHBUSDT","price":"0.64810000"},{"symbol":"VITEBUSD","price":"0.02534000"},{"symbol":"HOOKBTC","price":"0.00015886"},{"symbol":"HOOKUSDT","price":"2.72340000"},{"symbol":"HOOKBUSD","price":"2.72240000"},{"symbol":"HOOKBNB","price":"0.00948050"}]