[{"symbol":"ETHBTC","price":"0.07374400"},{"symbol":"LTCBTC","price":"0.00445500"},{"symbol":"BNBBTC","price":"0.01673500"},{"symbol":"NEOBTC","price":"0.00042700"},{"symbol":"QTUMETH","price":"0.00182700"},{"symbol":"EOSETH","price":"0.00083000"},{"symbol":"SNTETH","price":"0.00001834"},{"symbol":"BNTETH","price":"0.00030000"},{"symbol":"BCCBTC","price":"0.07908100"},{"symbol":"GASBTC","price":"0.00013670"},{"symbol":"BNBETH","price":"0.22700000"},{"symbol":"BTCUSDT","price":"17153.34000000"},{"symbol":"ETHUSDT","price":"1265.10000000"},{"symbol":"HSRBTC","price":"0.00041400"},{"symbol":"OAXETH","price":"0.00017780"},{"symbol":"DNTETH","price":"0.00002801"},{"symbol":"MCOETH","price":"0.00577200"},{"symbol":"ICNETH","price":"0.00166300"},{"symbol":"MCOBTC","price":"0.00021140"},{"symbol":"WTCBTC","price":"0.00001355"},{"symbol":"WTCETH","price":"0.00023700"},{"symbol":"LRCBTC","price":"0.00001459"},{"symbol":"LRCETH","price":"0.00019801"},{"symbol":"QTUMBTC","price":"0.00013520"},{"symbol":"YOYOBTC","price":"0.00000008"},{"symbol":"OMGBTC","price":"0.00006970"},{"symbol":"OMGETH","price":"0.00094600"},{"symbol":"ZRXBTC","price":"0.00001103"},{"symbol":"ZRXETH","price":"0.00014920"},{"symbol":"STRATBTC","price":"0.00003085"},{"symbol":"STRATETH","price":"0.00105300"},{"symbol":"SNGLSBTC","price":"0.00000013"},{"symbol":"SNGLSETH","price":"0.00005306"},{"symbol":"BQXBTC","price":"0.00008703"},{"symbol":"BQXETH","price":"0.00126350"},{"symbol":"KNCBTC","price":"0.00003670"},{"symbol":"KNCETH","price":"0.00049670"},{"symbol":"FUNBTC","price":"0.00000029"},{"symbol":"FUNETH","price":"0.00000514"},{"symbol":"SNMBTC","price":"0.00004076"},{"symbol":"SNMETH","price":"0.00004986"},{"symbol":"NEOETH","price":"0.00579000"},{"symbol":"IOTABTC","price":"0.00001217"},{"symbol":"IOTAETH","price":"0.00016520"},{"symbol":"LINKBTC","price":"0.00039910"},{"symbol":"LINKETH","price":"0.00541000"},{"symbol":"XVGBTC","price":"0.00000015"},{"symbol":"XVGETH","price":"0.00000198"},{"symbol":"SALTBTC","price":"0.00004250"},{"symbol":"SALTETH","price":"0.00113800"},{"symbol":"MDABTC","price":"0.00000382"},{"symbol":"MDAETH","price":"0.00181150"},{"symbol":"MTLBTC","price":"0.00004349"},{"symbol":"MTLETH","price":"0.00059550"},{"symbol":"SUBBTC","price":"0.00000457"},{"symbol":"SUBETH","price":"0.00012334"},{"symbol":"EOSBTC","price":"0.00006120"},{"symbol":"SNTBTC","price":"0.00000135"},{"symbol":"ETCETH","price":"0.01519000"},{"symbol":"ETCBTC","price":"0.00112200"},{"symbol":"MTHBTC","price":"0.00000023"},{"symbol":"MTHETH","price":"0.00004135"},{"symbol":"ENGBTC","price":"0.00006200"},{"symbol":"ENGETH","price":"0.00186480"},{"symbol":"DNTBTC","price":"0.00000186"},{"symbol":"ZECBTC","price":"0.00268000"},{"symbol":"ZECETH","price":"0.03633000"},{"symbol":"BNTBTC","price":"0.00002205"},{"symbol":"ASTBTC","price":"0.00000598"},{"symbol":"ASTETH","price":"0.00006960"},{"symbol":"DASHBTC","price":"0.00276800"},{"symbol":"DASHETH","price":"0.03761000"},{"symbol":"OAXBTC","price":"0.00001416"},{"symbol":"ICNBTC","price":"0.00005742"},{"symbol":"BTGBTC","price":"0.00091300"},{"symbol":"BTGETH","price":"0.05274500"},{"symbol":"EVXBTC","price":"0.00000274"},{"symbol":"EVXETH","price":"0.00062490"},{"symbol":"REQBTC","price":"0.00000555"},{"symbol":"REQETH","price":"0.00004995"},{"symbol":"VIBBTC","price":"0.00000454"},{"symbol":"VIBETH","price":"0.00006135"},{"symbol":"HSRETH","price":"0.01247400"},{"symbol":"TRXBTC","price":"0.00000321"},{"symbol":"TRXETH","price":"0.00004344"},{"symbol":"POWRBTC","price":"0.00000870"},{"symbol":"POWRETH","price":"0.00011770"},{"symbol":"ARKBTC","price":"0.00001679"},{"symbol":"ARKETH","price":"0.00104600"},{"symbol":"YOYOETH","price":"0.00005828"},{"symbol":"XRPBTC","price":"0.00002259"},{"symbol":"XRPETH","price":"0.00030630"},{"symbol":"MODBTC","price":"0.00004280"},{"symbol":"MODETH","price":"0.00116700"},{"symbol":"ENJBTC","price":"0.00001784"},{"symbol":"ENJETH","price":"0.00024080"},{"symbol":"STORJBTC","price":"0.00001873"},{"symbol":"STORJETH","price":"0.00029910"},{"symbol":"BNBUSDT","price":"287.10000000"},{"symbol":"VENBNB","price":"0.14920000"},{"symbol":"YOYOBNB","price":"0.00059800"},{"symbol":"POWRBNB","price":"0.00385000"},{"symbol":"VENBTC","price":"0.00013928"},{"symbol":"VENETH","price":"0.00325194"},{"symbol":"KMDBTC","price":"0.00001262"},{"symbol":"KMDETH","price":"0.00020970"},{"symbol":"NULSBNB","price":"0.01257000"},{"symbol":"RCNBTC","price":"0.00000074"},{"symbol":"RCNETH","price":"0.00037604"},{"symbol":"RCNBNB","price":"0.00347300"},{"symbol":"NULSBTC","price":"0.00001232"},{"symbol":"NULSETH","price":"0.00051926"},{"symbol":"RDNBTC","price":"0.00000447"},{"symbol":"RDNETH","price":"0.00071530"},{"symbol":"RDNBNB","price":"0.00623000"},{"symbol":"XMRBTC","price":"0.00873700"},{"symbol":"XMRETH","price":"0.11836000"},{"symbol":"DLTBNB","price":"0.00240000"},{"symbol":"WTCBNB","price":"0.00180500"},{"symbol":"DLTBTC","price":"0.00000071"},{"symbol":"DLTETH","price":"0.00016807"},{"symbol":"AMBBTC","price":"0.00000070"},{"symbol":"AMBETH","price":"0.00004100"},{"symbol":"AMBBNB","price":"0.00068500"},{"symbol":"BCCETH","price":"2.47246000"},{"symbol":"BCCUSDT","price":"448.70000000"},{"symbol":"BCCBNB","price":"54.29000000"},{"symbol":"BATBTC","price":"0.00001318"},{"symbol":"BATETH","price":"0.00017830"},{"symbol":"BATBNB","price":"0.00183100"},{"symbol":"BCPTBTC","price":"0.00000048"},{"symbol":"BCPTETH","price":"0.00008181"},{"symbol":"BCPTBNB","price":"0.00116200"},{"symbol":"ARNBTC","price":"0.00000761"},{"symbol":"ARNETH","price":"0.00029362"},{"symbol":"GVTBTC","price":"0.00001792"},{"symbol":"GVTETH","price":"0.00384600"},{"symbol":"CDTBTC","price":"0.00000317"},{"symbol":"CDTETH","price":"0.00005119"},{"symbol":"GXSBTC","price":"0.00004581"},{"symbol":"GXSETH","price":"0.00062460"},{"symbol":"NEOUSDT","price":"7.32000000"},{"symbol":"NEOBNB","price":"0.02560000"},{"symbol":"POEBTC","price":"0.00000005"},{"symbol":"POEETH","price":"0.00000664"},{"symbol":"QSPBTC","price":"0.00000076"},{"symbol":"QSPETH","price":"0.00002249"},{"symbol":"QSPBNB","price":"0.00052350"},{"symbol":"BTSBTC","price":"0.00000056"},{"symbol":"BTSETH","price":"0.00009498"},{"symbol":"BTSBNB","price":"0.00144800"},{"symbol":"XZCBTC","price":"0.00013550"},{"symbol":"XZCETH","price":"0.00310000"},{"symbol":"XZCBNB","price":"0.26750000"},{"symbol":"LSKBTC","price":"0.00004789"},{"symbol":"LSKETH","price":"0.00065000"},{"symbol":"LSKBNB","price":"0.06494000"},{"symbol":"TNTBTC","price":"0.00000261"},{"symbol":"TNTETH","price":"0.00000920"},{"symbol":"FUELBTC","price":"0.00000026"},{"symbol":"FUELETH","price":"0.00002221"},{"symbol":"MANABTC","price":"0.00002316"},{"symbol":"MANAETH","price":"0.00031400"},{"symbol":"BCDBTC","price":"0.00001351"},{"symbol":"BCDETH","price":"0.00251000"},{"symbol":"DGDBTC","price":"0.00393100"},{"symbol":"DGDETH","price":"0.19260000"},{"symbol":"IOTABNB","price":"0.00072300"},{"symbol":"ADXBTC","price":"0.00000806"},{"symbol":"ADXETH","price":"0.00010920"},{"symbol":"ADXBNB","price":"0.00492900"},{"symbol":"ADABTC","price":"0.00001824"},{"symbol":"ADAETH","price":"0.00024720"},{"symbol":"PPTBTC","price":"0.00001855"},{"symbol":"PPTETH","price":"0.00141000"},{"symbol":"CMTBTC","price":"0.00000028"},{"symbol":"CMTETH","price":"0.00000625"},{"symbol":"CMTBNB","price":"0.00057700"},{"symbol":"XLMBTC","price":"0.00000497"},{"symbol":"XLMETH","price":"0.00006730"},{"symbol":"XLMBNB","price":"0.00029640"},{"symbol":"CNDBTC","price":"0.00000006"},{"symbol":"CNDETH","price":"0.00002599"},{"symbol":"CNDBNB","price":"0.00033990"},{"symbol":"LENDBTC","price":"0.00004512"},{"symbol":"LENDETH","price":"0.00137174"},{"symbol":"WABIBTC","price":"0.00000870"},{"symbol":"WABIETH","price":"0.00040308"},{"symbol":"WABIBNB","price":"0.00024130"},{"symbol":"LTCETH","price":"0.06042000"},{"symbol":"LTCUSDT","price":"76.40000000"},{"symbol":"LTCBNB","price":"0.26630000"},{"symbol":"TNBBTC","price":"0.00000007"},{"symbol":"TNBETH","price":"0.00000752"},{"symbol":"WAVESBTC","price":"0.00011890"},{"symbol":"WAVESETH","price":"0.00161100"},{"symbol":"WAVESBNB","price":"0.00710000"},{"symbol":"GTOBTC","price":"0.00000077"},{"symbol":"GTOETH","price":"0.00003197"},{"symbol":"GTOBNB","price":"0.00035200"},{"symbol":"ICXBTC","price":"0.00001060"},{"symbol":"ICXETH","price":"0.00014350"},{"symbol":"ICXBNB","price":"0.00465400"},{"symbol":"OSTBTC","price":"0.00000032"},{"symbol":"OSTETH","price":"0.00000225"},{"symbol":"OSTBNB","price":"0.00052500"},{"symbol":"ELFBTC","price":"0.00000773"},{"symbol":"ELFETH","price":"0.00010500"},{"symbol":"AIONBTC","price":"0.00000215"},{"symbol":"AIONETH","price":"0.00002645"},{"symbol":"AIONBNB","price":"0.00261300"},{"symbol":"NEBLBTC","price":"0.00010421"},{"symbol":"NEBLBNB","price":"0.01356000"},{"symbol":"BRDBTC","price":"0.00000127"},{"symbol":"BRDETH","price":"0.00001688"},{"symbol":"BRDBNB","price":"0.00247000"},{"symbol":"MCOBNB","price":"0.26837000"},{"symbol":"EDOBTC","price":"0.00005609"},{"symbol":"EDOETH","price":"0.00226600"},{"symbol":"WINGSBTC","price":"0.00001193"},{"symbol":"WINGSETH","price":"0.00033460"},{"symbol":"NAVBTC","price":"0.00000277"},{"symbol":"NAVETH","price":"0.00011870"},{"symbol":"NAVBNB","price":"0.00423700"},{"symbol":"LUNBTC","price":"0.00008510"},{"symbol":"LUNETH","price":"0.00489100"},{"symbol":"TRIGBTC","price":"0.00001980"},{"symbol":"TRIGETH","price":"0.00059400"},{"symbol":"TRIGBNB","price":"0.01218000"},{"symbol":"APPCBTC","price":"0.00000055"},{"symbol":"APPCETH","price":"0.00014600"},{"symbol":"APPCBNB","price":"0.00189100"},{"symbol":"VIBEBTC","price":"0.00000042"},{"symbol":"VIBEETH","price":"0.00005720"},{"symbol":"RLCBTC","price":"0.00006466"},{"symbol":"RLCETH","price":"0.00087400"},{"symbol":"RLCBNB","price":"0.03344000"},{"symbol":"INSBTC","price":"0.00000618"},{"symbol":"INSETH","price":"0.00050100"},{"symbol":"PIVXBTC","price":"0.00001500"},{"symbol":"PIVXBNB","price":"0.01660000"},{"symbol":"IOSTBTC","price":"0.00000050"},{"symbol":"IOSTETH","price":"0.00000680"},{"symbol":"CHATBTC","price":"0.00000195"},{"symbol":"CHATETH","price":"0.00006585"},{"symbol":"STEEMBTC","price":"0.00001030"},{"symbol":"STEEMETH","price":"0.00013940"},{"symbol":"STEEMBNB","price":"0.00448000"},{"symbol":"NANOBTC","price":"0.00006280"},{"symbol":"NANOETH","price":"0.00090500"},{"symbol":"NANOBNB","price":"0.05589000"},{"symbol":"VIABTC","price":"0.00000681"},{"symbol":"VIAETH","price":"0.00085600"},{"symbol":"VIABNB","price":"0.00958000"},{"symbol":"BLZBTC","price":"0.00000376"},{"symbol":"BLZETH","price":"0.00005112"},{"symbol":"BLZBNB","price":"0.00062190"},{"symbol":"AEBTC","price":"0.00000292"},{"symbol":"AEETH","price":"0.00021900"},{"symbol":"AEBNB","price":"0.00777000"},{"symbol":"RPXBTC","price":"0.00000224"},{"symbol":"RPXETH","price":"0.00005449"},{"symbol":"RPXBNB","price":"0.00145700"},{"symbol":"NCASHBTC","price":"0.00000005"},{"symbol":"NCASHETH","price":"0.00000013"},{"symbol":"NCASHBNB","price":"0.00006790"},{"symbol":"POABTC","price":"0.00000041"},{"symbol":"POAETH","price":"0.00004891"},{"symbol":"POABNB","price":"0.00092100"},{"symbol":"ZILBTC","price":"0.00000130"},{"symbol":"ZILETH","price":"0.00001762"},{"symbol":"ZILBNB","price":"0.00007760"},{"symbol":"ONTBTC","price":"0.00001091"},{"symbol":"ONTETH","price":"0.00014760"},{"symbol":"ONTBNB","price":"0.00246200"},{"symbol":"STORMBTC","price":"0.00000035"},{"symbol":"STORMETH","price":"0.00001398"},{"symbol":"STORMBNB","price":"0.00006550"},{"symbol":"QTUMBNB","price":"0.09597000"},{"symbol":"QTUMUSDT","price":"2.31200000"},{"symbol":"XEMBTC","price":"0.00000192"},{"symbol":"XEMETH","price":"0.00003593"},{"symbol":"XEMBNB","price":"0.00244100"},{"symbol":"WANBTC","price":"0.00000991"},{"symbol":"WANETH","price":"0.00013430"},{"symbol":"WANBNB","price":"0.00181000"},{"symbol":"WPRBTC","price":"0.00000027"},{"symbol":"WPRETH","price":"0.00004020"},{"symbol":"QLCBTC","price":"0.00000357"},{"symbol":"QLCETH","price":"0.00000603"},{"symbol":"SYSBTC","price":"0.00000691"},{"symbol":"SYSETH","price":"0.00011047"},{"symbol":"SYSBNB","price":"0.00163500"},{"symbol":"QLCBNB","price":"0.00092200"},{"symbol":"GRSBTC","price":"0.00001649"},{"symbol":"GRSETH","price":"0.00076455"},{"symbol":"ADAUSDT","price":"0.31290000"},{"symbol":"ADABNB","price":"0.00109000"},{"symbol":"CLOAKBTC","price":"0.00015550"},{"symbol":"CLOAKETH","price":"0.00414200"},{"symbol":"GNTBTC","price":"0.00000678"},{"symbol":"GNTETH","price":"0.00022071"},{"symbol":"GNTBNB","price":"0.00243900"},{"symbol":"LOOMBTC","price":"0.00000285"},{"symbol":"LOOMETH","price":"0.00003850"},{"symbol":"LOOMBNB","price":"0.00088500"},{"symbol":"XRPUSDT","price":"0.38760000"},{"symbol":"BCNBTC","price":"0.00000022"},{"symbol":"BCNETH","price":"0.00000707"},{"symbol":"BCNBNB","price":"0.00002000"},{"symbol":"REPBTC","price":"0.00034130"},{"symbol":"REPBNB","price":"0.44670000"},{"symbol":"BTCTUSD","price":"19446.02000000"},{"symbol":"TUSDBTC","price":"0.00025971"},{"symbol":"ETHTUSD","price":"1336.59000000"},{"symbol":"TUSDETH","price":"0.00762097"},{"symbol":"TUSDBNB","price":"0.06777000"},{"symbol":"ZENBTC","price":"0.00059500"},{"symbol":"ZENETH","price":"0.00806000"},{"symbol":"ZENBNB","price":"0.03550000"},{"symbol":"SKYBTC","price":"0.00000829"},{"symbol":"SKYETH","price":"0.00222000"},{"symbol":"SKYBNB","price":"0.03022000"},{"symbol":"EOSUSDT","price":"1.04900000"},{"symbol":"EOSBNB","price":"0.00366000"},{"symbol":"CVCBTC","price":"0.00000566"},{"symbol":"CVCETH","price":"0.00009930"},{"symbol":"CVCBNB","price":"0.00211200"},{"symbol":"THETABTC","price":"0.00005040"},{"symbol":"THETAETH","price":"0.00068300"},{"symbol":"THETABNB","price":"0.00301000"},{"symbol":"XRPBNB","price":"0.00134900"},{"symbol":"TUSDUSDT","price":"0.99990000"},{"symbol":"IOTAUSDT","price":"0.20910000"},{"symbol":"XLMUSDT","price":"0.08510000"},{"symbol":"IOTXBTC","price":"0.00000135"},{"symbol":"IOTXETH","price":"0.00001835"},{"symbol":"QKCBTC","price":"0.00000052"},{"symbol":"QKCETH","price":"0.00000706"},{"symbol":"AGIBTC","price":"0.00000668"},{"symbol":"AGIETH","price":"0.00007363"},{"symbol":"AGIBNB","price":"0.00077200"},{"symbol":"NXSBTC","price":"0.00000284"},{"symbol":"NXSETH","price":"0.00077300"},{"symbol":"NXSBNB","price":"0.01087000"},{"symbol":"ENJBNB","price":"0.00106500"},{"symbol":"DATABTC","price":"0.00000160"},{"symbol":"DATAETH","price":"0.00002034"},{"symbol":"ONTUSDT","price":"0.18690000"},{"symbol":"TRXBNB","price":"0.00019150"},{"symbol":"TRXUSDT","price":"0.05494000"},{"symbol":"ETCUSDT","price":"19.25000000"},{"symbol":"ETCBNB","price":"0.06700000"},{"symbol":"ICXUSDT","price":"0.18200000"},{"symbol":"SCBTC","price":"0.00000017"},{"symbol":"SCETH","price":"0.00000210"},{"symbol":"NPXSBTC","price":"0.00000003"},{"symbol":"NPXSETH","price":"0.00000345"},{"symbol":"VENUSDT","price":"0.00010000"},{"symbol":"KEYBTC","price":"0.00000013"},{"symbol":"KEYETH","price":"0.00000286"},{"symbol":"NASBTC","price":"0.00000228"},{"symbol":"NASETH","price":"0.00004047"},{"symbol":"NASBNB","price":"0.02337000"},{"symbol":"MFTBTC","price":"0.00000008"},{"symbol":"MFTETH","price":"0.00000542"},{"symbol":"MFTBNB","price":"0.00001485"},{"symbol":"DENTBTC","price":"0.00000004"},{"symbol":"DENTETH","price":"0.00000055"},{"symbol":"ARDRBTC","price":"0.00000450"},{"symbol":"ARDRETH","price":"0.00018870"},{"symbol":"ARDRBNB","price":"0.00316800"},{"symbol":"NULSUSDT","price":"0.21090000"},{"symbol":"HOTBTC","price":"0.00000002"},{"symbol":"HOTETH","price":"0.00000134"},{"symbol":"VETBTC","price":"0.00000114"},{"symbol":"VETETH","price":"0.00001551"},{"symbol":"VETUSDT","price":"0.01962000"},{"symbol":"VETBNB","price":"0.00006830"},{"symbol":"DOCKBTC","price":"0.00000097"},{"symbol":"DOCKETH","price":"0.00003283"},{"symbol":"POLYBTC","price":"0.00001384"},{"symbol":"POLYBNB","price":"0.00145900"},{"symbol":"PHXBTC","price":"0.00000180"},{"symbol":"PHXETH","price":"0.00005617"},{"symbol":"PHXBNB","price":"0.00045600"},{"symbol":"HCBTC","price":"0.00002000"},{"symbol":"HCETH","price":"0.00513400"},{"symbol":"GOBTC","price":"0.00000043"},{"symbol":"GOBNB","price":"0.00069230"},{"symbol":"PAXBTC","price":"0.00025175"},{"symbol":"PAXBNB","price":"0.20121000"},{"symbol":"PAXUSDT","price":"0.99960000"},{"symbol":"PAXETH","price":"0.00888047"},{"symbol":"RVNBTC","price":"0.00000128"},{"symbol":"DCRBTC","price":"0.00124300"},{"symbol":"DCRBNB","price":"0.78100000"},{"symbol":"USDCBNB","price":"0.21755000"},{"symbol":"MITHBTC","price":"0.00000080"},{"symbol":"MITHBNB","price":"0.00004410"},{"symbol":"BCHABCBTC","price":"0.02933000"},{"symbol":"BCHSVBTC","price":"0.01117900"},{"symbol":"BCHABCUSDT","price":"220.08000000"},{"symbol":"BCHSVUSDT","price":"58.90000000"},{"symbol":"BNBPAX","price":"495.10000000"},{"symbol":"BTCPAX","price":"51529.15000000"},{"symbol":"ETHPAX","price":"3904.41000000"},{"symbol":"XRPPAX","price":"0.88960000"},{"symbol":"EOSPAX","price":"2.58450000"},{"symbol":"XLMPAX","price":"0.04221000"},{"symbol":"RENBTC","price":"0.00000492"},{"symbol":"RENBNB","price":"0.00458500"},{"symbol":"BNBTUSD","price":"283.40000000"},{"symbol":"XRPTUSD","price":"0.44160000"},{"symbol":"EOSTUSD","price":"4.11590000"},{"symbol":"XLMTUSD","price":"0.06833000"},{"symbol":"BNBUSDC","price":"283.30000000"},{"symbol":"BTCUSDC","price":"19440.48000000"},{"symbol":"ETHUSDC","price":"1338.12000000"},{"symbol":"XRPUSDC","price":"0.44090000"},{"symbol":"EOSUSDC","price":"1.15300000"},{"symbol":"XLMUSDC","price":"0.04970000"},{"symbol":"USDCUSDT","price":"0.99990000"},{"symbol":"ADATUSD","price":"0.43510000"},{"symbol":"TRXTUSD","price":"0.05986000"},{"symbol":"NEOTUSD","price":"11.81800000"},{"symbol":"TRXXRP","price":"0.14178000"},{"symbol":"XZCXRP","price":"20.79200000"},{"symbol":"PAXTUSD","price":"0.99950000"},{"symbol":"USDCTUSD","price":"1.00000000"},{"symbol":"USDCPAX","price":"1.00020000"},{"symbol":"LINKUSDT","price":"6.84600000"},{"symbol":"LINKTUSD","price":"28.87000000"},{"symbol":"LINKPAX","price":"3.98340000"},{"symbol":"LINKUSDC","price":"7.77900000"},{"symbol":"WAVESUSDT","price":"2.04100000"},{"symbol":"WAVESTUSD","price":"1.07200000"},{"symbol":"WAVESPAX","price":"0.80290000"},{"symbol":"WAVESUSDC","price":"1.20360000"},{"symbol":"BCHABCTUSD","price":"220.20000000"},{"symbol":"BCHABCPAX","price":"221.20000000"},{"symbol":"BCHABCUSDC","price":"220.30000000"},{"symbol":"BCHSVTUSD","price":"59.17000000"},{"symbol":"BCHSVPAX","price":"58.18000000"},{"symbol":"BCHSVUSDC","price":"57.50000000"},{"symbol":"LTCTUSD","price":"150.10000000"},{"symbol":"LTCPAX","price":"171.13000000"},{"symbol":"LTCUSDC","price":"53.22000000"},{"symbol":"TRXPAX","price":"0.07661000"},{"symbol":"TRXUSDC","price":"0.05982000"},{"symbol":"BTTBTC","price":"0.00000005"},{"symbol":"BTTBNB","price":"0.00000573"},{"symbol":"BTTUSDT","price":"0.00277700"},{"symbol":"BNBUSDS","price":"22.27880000"},{"symbol":"BTCUSDS","price":"9604.59000000"},{"symbol":"USDSUSDT","price":"0.99680000"},{"symbol":"USDSPAX","price":"1.00020000"},{"symbol":"USDSTUSD","price":"1.00000000"},{"symbol":"USDSUSDC","price":"1.00000000"},{"symbol":"BTTPAX","price":"0.00038660"},{"symbol":"BTTTUSD","price":"0.00277000"},{"symbol":"BTTUSDC","price":"0.00277600"},{"symbol":"ONGBNB","price":"0.00545000"},{"symbol":"ONGBTC","price":"0.00001546"},{"symbol":"ONGUSDT","price":"0.26360000"},{"symbol":"HOTBNB","price":"0.00000862"},{"symbol":"HOTUSDT","price":"0.00169300"},{"symbol":"ZILUSDT","price":"0.02230000"},{"symbol":"ZRXBNB","price":"0.01045000"},{"symbol":"ZRXUSDT","price":"0.18960000"},{"symbol":"FETBNB","price":"0.00036100"},{"symbol":"FETBTC","price":"0.00000605"},{"symbol":"FETUSDT","price":"0.10380000"},{"symbol":"BATUSDT","price":"0.22590000"},{"symbol":"XMRBNB","price":"0.52280000"},{"symbol":"XMRUSDT","price":"149.90000000"},{"symbol":"ZECBNB","price":"0.15900000"},{"symbol":"ZECUSDT","price":"46.00000000"},{"symbol":"ZECPAX","price":"42.10000000"},{"symbol":"ZECTUSD","price":"51.48000000"},{"symbol":"ZECUSDC","price":"55.80000000"},{"symbol":"IOSTUSDT","price":"0.00859000"},{"symbol":"CELRBNB","price":"0.00004384"},{"symbol":"CELRBTC","price":"0.00000074"},{"symbol":"CELRUSDT","price":"0.01254000"},{"symbol":"ADAPAX","price":"0.03257000"},{"symbol":"ADAUSDC","price":"0.43520000"},{"symbol":"NEOPAX","price":"11.12200000"},{"symbol":"NEOUSDC","price":"28.27000000"},{"symbol":"DASHBNB","price":"0.16560000"},{"symbol":"DASHUSDT","price":"47.50000000"},{"symbol":"NANOUSDT","price":"2.22400000"},{"symbol":"OMGBNB","price":"0.03938000"},{"symbol":"OMGUSDT","price":"1.19700000"},{"symbol":"THETAUSDT","price":"0.86500000"},{"symbol":"ENJUSDT","price":"0.30620000"},{"symbol":"MITHUSDT","price":"0.01217000"},{"symbol":"MATICBNB","price":"0.00315600"},{"symbol":"MATICBTC","price":"0.00005283"},{"symbol":"MATICUSDT","price":"0.90600000"},{"symbol":"ATOMBNB","price":"0.03375000"},{"symbol":"ATOMBTC","price":"0.00056500"},{"symbol":"ATOMUSDT","price":"9.69700000"},{"symbol":"ATOMUSDC","price":"12.91200000"},{"symbol":"ATOMPAX","price":"3.17800000"},{"symbol":"ATOMTUSD","price":"2.59800000"},{"symbol":"ETCUSDC","price":"4.71000000"},{"symbol":"ETCPAX","price":"4.83800000"},{"symbol":"ETCTUSD","price":"3.79500000"},{"symbol":"BATUSDC","price":"0.63130000"},{"symbol":"BATPAX","price":"0.25560000"},{"symbol":"BATTUSD","price":"0.22220000"},{"symbol":"PHBBNB","price":"0.00013700"},{"symbol":"PHBBTC","price":"0.00003800"},{"symbol":"PHBUSDC","price":"0.00587000"},{"symbol":"PHBTUSD","price":"0.22900000"},{"symbol":"PHBPAX","price":"0.00639000"},{"symbol":"TFUELBNB","price":"0.00012590"},{"symbol":"TFUELBTC","price":"0.00000256"},{"symbol":"TFUELUSDT","price":"0.04400000"},{"symbol":"TFUELUSDC","price":"0.00356500"},{"symbol":"TFUELTUSD","price":"0.00307700"},{"symbol":"TFUELPAX","price":"0.00348700"},{"symbol":"ONEBNB","price":"0.00005090"},{"symbol":"ONEBTC","price":"0.00000085"},{"symbol":"ONEUSDT","price":"0.01457000"},{"symbol":"ONETUSD","price":"0.00472000"},{"symbol":"ONEPAX","price":"0.00496000"},{"symbol":"ONEUSDC","price":"0.00520000"},{"symbol":"FTMBNB","price":"0.00083870"},{"symbol":"FTMBTC","price":"0.00001404"},{"symbol":"FTMUSDT","price":"0.24080000"},{"symbol":"FTMTUSD","price":"0.01095000"},{"symbol":"FTMPAX","price":"0.01028000"},{"symbol":"FTMUSDC","price":"0.01107000"},{"symbol":"BTCBBTC","price":"1.00000000"},{"symbol":"BCPTTUSD","price":"0.02606000"},{"symbol":"BCPTPAX","price":"0.02761000"},{"symbol":"BCPTUSDC","price":"0.02728000"},{"symbol":"ALGOBNB","price":"0.00079300"},{"symbol":"ALGOBTC","price":"0.00001327"},{"symbol":"ALGOUSDT","price":"0.22770000"},{"symbol":"ALGOTUSD","price":"1.01700000"},{"symbol":"ALGOPAX","price":"0.20390000"},{"symbol":"ALGOUSDC","price":"0.23800000"},{"symbol":"USDSBUSDT","price":"0.99970000"},{"symbol":"USDSBUSDS","price":"0.99990000"},{"symbol":"GTOUSDT","price":"0.01233000"},{"symbol":"GTOPAX","price":"0.01361000"},{"symbol":"GTOTUSD","price":"0.01236000"},{"symbol":"GTOUSDC","price":"0.01196000"},{"symbol":"ERDBNB","price":"0.00083273"},{"symbol":"ERDBTC","price":"0.00000168"},{"symbol":"ERDUSDT","price":"0.01971000"},{"symbol":"ERDPAX","price":"0.00125270"},{"symbol":"ERDUSDC","price":"0.00135730"},{"symbol":"DOGEBNB","price":"0.00015270"},{"symbol":"DOGEBTC","price":"0.00000563"},{"symbol":"DOGEUSDT","price":"0.09655000"},{"symbol":"DOGEPAX","price":"0.00216820"},{"symbol":"DOGEUSDC","price":"0.00212770"},{"symbol":"DUSKBNB","price":"0.00118000"},{"symbol":"DUSKBTC","price":"0.00000542"},{"symbol":"DUSKUSDT","price":"0.09290000"},{"symbol":"DUSKUSDC","price":"0.01790000"},{"symbol":"DUSKPAX","price":"0.01890000"},{"symbol":"BGBPUSDC","price":"1.39000000"},{"symbol":"ANKRBNB","price":"0.00007330"},{"symbol":"ANKRBTC","price":"0.00000123"},{"symbol":"ANKRUSDT","price":"0.02106000"},{"symbol":"ANKRTUSD","price":"0.00212800"},{"symbol":"ANKRPAX","price":"0.00209300"},{"symbol":"ANKRUSDC","price":"0.00209700"},{"symbol":"ONTPAX","price":"0.84510000"},{"symbol":"ONTUSDC","price":"0.57080000"},{"symbol":"WINBNB","price":"0.00000031"},{"symbol":"WINBTC","price":"0.00000001"},{"symbol":"WINUSDT","price":"0.00008830"},{"symbol":"WINUSDC","price":"0.00009730"},{"symbol":"COSBNB","price":"0.00001782"},{"symbol":"COSBTC","price":"0.00000030"},{"symbol":"COSUSDT","price":"0.00511000"},{"symbol":"TUSDBTUSD","price":"0.99750000"},{"symbol":"NPXSUSDT","price":"0.00703010"},{"symbol":"NPXSUSDC","price":"0.00017020"},{"symbol":"COCOSBNB","price":"0.00215700"},{"symbol":"COCOSBTC","price":"0.00000003"},{"symbol":"COCOSUSDT","price":"0.62100000"},{"symbol":"MTLUSDT","price":"0.74500000"},{"symbol":"TOMOBNB","price":"0.03255000"},{"symbol":"TOMOBTC","price":"0.00001834"},{"symbol":"TOMOUSDT","price":"0.31490000"},{"symbol":"TOMOUSDC","price":"0.36700000"},{"symbol":"PERLBNB","price":"0.00007180"},{"symbol":"PERLBTC","price":"0.00000113"},{"symbol":"PERLUSDC","price":"0.02447000"},{"symbol":"PERLUSDT","price":"0.01714000"},{"symbol":"DENTUSDT","price":"0.00069800"},{"symbol":"MFTUSDT","price":"0.00683700"},{"symbol":"KEYUSDT","price":"0.00362000"},{"symbol":"STORMUSDT","price":"0.00339700"},{"symbol":"DOCKUSDT","price":"0.01663000"},{"symbol":"WANUSDT","price":"0.16970000"},{"symbol":"FUNUSDT","price":"0.00649000"},{"symbol":"CVCUSDT","price":"0.09780000"},{"symbol":"BTTTRX","price":"0.03945000"},{"symbol":"WINTRX","price":"0.00160900"},{"symbol":"CHZBNB","price":"0.00052070"},{"symbol":"CHZBTC","price":"0.00000872"},{"symbol":"CHZUSDT","price":"0.14950000"},{"symbol":"BANDBNB","price":"0.02248000"},{"symbol":"BANDBTC","price":"0.00011840"},{"symbol":"BANDUSDT","price":"2.03600000"},{"symbol":"BNBBUSD","price":"287.10000000"},{"symbol":"BTCBUSD","price":"17154.14000000"},{"symbol":"BUSDUSDT","price":"1.00000000"},{"symbol":"BEAMBNB","price":"0.02177000"},{"symbol":"BEAMBTC","price":"0.00000716"},{"symbol":"BEAMUSDT","price":"0.12230000"},{"symbol":"XTZBNB","price":"0.00346900"},{"symbol":"XTZBTC","price":"0.00005800"},{"symbol":"XTZUSDT","price":"0.99500000"},{"symbol":"RENUSDT","price":"0.08426100"},{"symbol":"RVNUSDT","price":"0.02203000"},{"symbol":"HCUSDT","price":"0.84230000"},{"symbol":"HBARBNB","price":"0.00016770"},{"symbol":"HBARBTC","price":"0.00000281"},{"symbol":"HBARUSDT","price":"0.04810000"},{"symbol":"NKNBNB","price":"0.00074700"},{"symbol":"NKNBTC","price":"0.00000495"},{"symbol":"NKNUSDT","price":"0.08490000"},{"symbol":"XRPBUSD","price":"0.38760000"},{"symbol":"ETHBUSD","price":"1265.17000000"},{"symbol":"BCHABCBUSD","price":"220.16000000"},{"symbol":"LTCBUSD","price":"76.40000000"},{"symbol":"LINKBUSD","price":"6.84500000"},{"symbol":"ETCBUSD","price":"19.24000000"},{"symbol":"STXBNB","price":"0.00095200"},{"symbol":"STXBTC","price":"0.00001591"},{"symbol":"STXUSDT","price":"0.27200000"},{"symbol":"KAVABNB","price":"0.00311000"},{"symbol":"KAVABTC","price":"0.00005210"},{"symbol":"KAVAUSDT","price":"0.89400000"},{"symbol":"BUSDNGN","price":"462.64000000"},{"symbol":"BNBNGN","price":"43608.00000000"},{"symbol":"BTCNGN","price":"25941597.00000000"},{"symbol":"ARPABNB","price":"0.00010170"},{"symbol":"ARPABTC","price":"0.00000170"},{"symbol":"ARPAUSDT","price":"0.02916000"},{"symbol":"TRXBUSD","price":"0.05495000"},{"symbol":"EOSBUSD","price":"1.04900000"},{"symbol":"IOTXUSDT","price":"0.02329000"},{"symbol":"RLCUSDT","price":"1.10900000"},{"symbol":"MCOUSDT","price":"2.74400000"},{"symbol":"XLMBUSD","price":"0.08510000"},{"symbol":"ADABUSD","price":"0.31280000"},{"symbol":"CTXCBNB","price":"0.00412200"},{"symbol":"CTXCBTC","price":"0.00001010"},{"symbol":"CTXCUSDT","price":"0.17270000"},{"symbol":"BCHBNB","price":"0.38300000"},{"symbol":"BCHBTC","price":"0.00640000"},{"symbol":"BCHUSDT","price":"109.90000000"},{"symbol":"BCHUSDC","price":"114.80000000"},{"symbol":"BCHTUSD","price":"630.00000000"},{"symbol":"BCHPAX","price":"617.72000000"},{"symbol":"BCHBUSD","price":"110.00000000"},{"symbol":"BTCRUB","price":"1079015.00000000"},{"symbol":"ETHRUB","price":"79604.10000000"},{"symbol":"XRPRUB","price":"24.37000000"},{"symbol":"BNBRUB","price":"18066.39000000"},{"symbol":"TROYBNB","price":"0.00000996"},{"symbol":"TROYBTC","price":"0.00000018"},{"symbol":"TROYUSDT","price":"0.00286400"},{"symbol":"BUSDRUB","price":"62.89000000"},{"symbol":"QTUMBUSD","price":"2.31100000"},{"symbol":"VETBUSD","price":"0.01962000"},{"symbol":"VITEBNB","price":"0.00070700"},{"symbol":"VITEBTC","price":"0.00000147"},{"symbol":"VITEUSDT","price":"0.02536000"},{"symbol":"FTTBNB","price":"0.00513000"},{"symbol":"FTTBTC","price":"0.00008560"},{"symbol":"FTTUSDT","price":"1.43220000"},{"symbol":"BTCTRY","price":"324517.00000000"},{"symbol":"BNBTRY","price":"5430.00000000"},{"symbol":"BUSDTRY","price":"18.92000000"},{"symbol":"ETHTRY","price":"23932.00000000"},{"symbol":"XRPTRY","price":"7.33600000"},{"symbol":"USDTTRY","price":"18.92000000"},{"symbol":"USDTRUB","price":"62.91000000"},{"symbol":"BTCEUR","price":"16290.01000000"},{"symbol":"ETHEUR","price":"1201.37000000"},{"symbol":"BNBEUR","price":"272.50000000"},{"symbol":"XRPEUR","price":"0.36800000"},{"symbol":"EURBUSD","price":"1.05320000"},{"symbol":"EURUSDT","price":"1.05310000"},{"symbol":"OGNBNB","price":"0.00038300"},{"symbol":"OGNBTC","price":"0.00000610"},{"symbol":"OGNUSDT","price":"0.10470000"},{"symbol":"DREPBNB","price":"0.00009380"},{"symbol":"DREPBTC","price":"0.00001795"},{"symbol":"DREPUSDT","price":"0.30840000"},{"symbol":"BULLUSDT","price":"1370.28000000"},{"symbol":"BULLBUSD","price":"1368.56000000"},{"symbol":"BEARUSDT","price":"11.16000000"},{"symbol":"BEARBUSD","price":"11.14000000"},{"symbol":"ETHBULLUSDT","price":"79.18000000"},{"symbol":"ETHBULLBUSD","price":"78.46000000"},{"symbol":"ETHBEARUSDT","price":"12.20000000"},{"symbol":"ETHBEARBUSD","price":"12.24000000"},{"symbol":"TCTBNB","price":"0.00041860"},{"symbol":"TCTBTC","price":"0.00000016"},{"symbol":"TCTUSDT","price":"0.00312000"},{"symbol":"WRXBNB","price":"0.00059500"},{"symbol":"WRXBTC","price":"0.00000995"},{"symbol":"WRXUSDT","price":"0.17100000"},{"symbol":"ICXBUSD","price":"0.18210000"},{"symbol":"BTSUSDT","price":"0.00958000"},{"symbol":"BTSBUSD","price":"0.01930000"},{"symbol":"LSKUSDT","price":"0.82200000"},{"symbol":"BNTUSDT","price":"0.37800000"},{"symbol":"BNTBUSD","price":"0.38000000"},{"symbol":"LTOBNB","price":"0.00248000"},{"symbol":"LTOBTC","price":"0.00000490"},{"symbol":"LTOUSDT","price":"0.08410000"},{"symbol":"ATOMBUSD","price":"9.69500000"},{"symbol":"DASHBUSD","price":"47.59000000"},{"symbol":"NEOBUSD","price":"7.33000000"},{"symbol":"WAVESBUSD","price":"2.04100000"},{"symbol":"XTZBUSD","price":"0.99600000"},{"symbol":"EOSBULLUSDT","price":"3.85000000"},{"symbol":"EOSBULLBUSD","price":"3.90000000"},{"symbol":"EOSBEARUSDT","price":"30.21000000"},{"symbol":"EOSBEARBUSD","price":"29.81000000"},{"symbol":"XRPBULLUSDT","price":"8.74000000"},{"symbol":"XRPBULLBUSD","price":"8.78000000"},{"symbol":"XRPBEARUSDT","price":"548.55000000"},{"symbol":"XRPBEARBUSD","price":"547.33000000"},{"symbol":"BATBUSD","price":"0.22570000"},{"symbol":"ENJBUSD","price":"0.30610000"},{"symbol":"NANOBUSD","price":"2.22500000"},{"symbol":"ONTBUSD","price":"0.18710000"},{"symbol":"RVNBUSD","price":"0.02200000"},{"symbol":"STRATBUSD","price":"0.49150000"},{"symbol":"STRATBNB","price":"0.01900000"},{"symbol":"STRATUSDT","price":"0.49040000"},{"symbol":"AIONBUSD","price":"0.07210000"},{"symbol":"AIONUSDT","price":"0.03689000"},{"symbol":"MBLBNB","price":"0.00001202"},{"symbol":"MBLBTC","price":"0.00000005"},{"symbol":"MBLUSDT","price":"0.00271000"},{"symbol":"COTIBNB","price":"0.00024950"},{"symbol":"COTIBTC","price":"0.00000418"},{"symbol":"COTIUSDT","price":"0.07160000"},{"symbol":"ALGOBUSD","price":"0.22760000"},{"symbol":"BTTBUSD","price":"0.00277800"},{"symbol":"TOMOBUSD","price":"0.31490000"},{"symbol":"XMRBUSD","price":"149.90000000"},{"symbol":"ZECBUSD","price":"45.90000000"},{"symbol":"BNBBULLUSDT","price":"57.21000000"},{"symbol":"BNBBULLBUSD","price":"58.37000000"},{"symbol":"BNBBEARUSDT","price":"58.61000000"},{"symbol":"BNBBEARBUSD","price":"57.21000000"},{"symbol":"STPTBNB","price":"0.00067000"},{"symbol":"STPTBTC","price":"0.00000184"},{"symbol":"STPTUSDT","price":"0.03167000"},{"symbol":"BTCZAR","price":"302346.00000000"},{"symbol":"ETHZAR","price":"22272.00000000"},{"symbol":"BNBZAR","price":"5000.00000000"},{"symbol":"USDTZAR","price":"14.02300000"},{"symbol":"BUSDZAR","price":"17.60000000"},{"symbol":"BTCBKRW","price":"42029197.00000000"},{"symbol":"ETHBKRW","price":"1277799.00000000"},{"symbol":"BNBBKRW","price":"44687.00000000"},{"symbol":"WTCUSDT","price":"0.23260000"},{"symbol":"DATABUSD","price":"0.02762000"},{"symbol":"DATAUSDT","price":"0.02761000"},{"symbol":"XZCUSDT","price":"4.44600000"},{"symbol":"SOLBNB","price":"0.04740000"},{"symbol":"SOLBTC","price":"0.00079140"},{"symbol":"SOLUSDT","price":"13.57000000"},{"symbol":"SOLBUSD","price":"13.59000000"},{"symbol":"BTCIDRT","price":"693891182.00"},{"symbol":"BNBIDRT","price":"4286985.00"},{"symbol":"USDTIDRT","price":"15661.00"},{"symbol":"BUSDIDRT","price":"14389.00"},{"symbol":"CTSIBTC","price":"0.00000735"},{"symbol":"CTSIUSDT","price":"0.12640000"},{"symbol":"CTSIBNB","price":"0.00044000"},{"symbol":"CTSIBUSD","price":"0.12630000"},{"symbol":"HIVEBNB","price":"0.00429000"},{"symbol":"HIVEBTC","price":"0.00002029"},{"symbol":"HIVEUSDT","price":"0.34730000"},{"symbol":"CHRBNB","price":"0.00042790"},{"symbol":"CHRBTC","price":"0.00000717"},{"symbol":"CHRUSDT","price":"0.12270000"},{"symbol":"BTCUPUSDT","price":"2.89500000"},{"symbol":"BTCDOWNUSDT","price":"0.04183100"},{"symbol":"GXSUSDT","price":"1.79230000"},{"symbol":"ARDRUSDT","price":"0.07720000"},{"symbol":"ERDBUSD","price":"0.01966100"},{"symbol":"LENDUSDT","price":"0.51431000"},{"symbol":"HBARBUSD","price":"0.04820000"},{"symbol":"MATICBUSD","price":"0.90620000"},{"symbol":"WRXBUSD","price":"0.17080000"},{"symbol":"ZILBUSD","price":"0.02228000"},{"symbol":"MDTBNB","price":"0.00073720"},{"symbol":"MDTBTC","price":"0.00000147"},{"symbol":"MDTUSDT","price":"0.02517000"},{"symbol":"STMXBTC","price":"0.00000030"},{"symbol":"STMXETH","price":"0.00000404"},{"symbol":"STMXUSDT","price":"0.00511000"},{"symbol":"KNCBUSD","price":"0.62800000"},{"symbol":"KNCUSDT","price":"0.62900000"},{"symbol":"REPBUSD","price":"13.67300000"},{"symbol":"REPUSDT","price":"5.51000000"},{"symbol":"LRCBUSD","price":"0.25060000"},{"symbol":"LRCUSDT","price":"0.25050000"},{"symbol":"IQBNB","price":"0.00002243"},{"symbol":"IQBUSD","price":"0.00586000"},{"symbol":"PNTBTC","price":"0.00000864"},{"symbol":"PNTUSDT","price":"0.16280000"},{"symbol":"BTCGBP","price":"13996.10000000"},{"symbol":"ETHGBP","price":"1031.81000000"},{"symbol":"XRPGBP","price":"0.31640000"},{"symbol":"BNBGBP","price":"234.20000000"},{"symbol":"GBPBUSD","price":"1.22600000"},{"symbol":"DGBBTC","price":"0.00000044"},{"symbol":"DGBBUSD","price":"0.00755000"},{"symbol":"BTCUAH","price":"674545.00000000"},{"symbol":"USDTUAH","price":"39.27000000"},{"symbol":"COMPBTC","price":"0.00233500"},{"symbol":"COMPBNB","price":"5.71900000"},{"symbol":"COMPBUSD","price":"40.08000000"},{"symbol":"COMPUSDT","price":"40.05000000"},{"symbol":"BTCBIDR","price":"268872410.00"},{"symbol":"ETHBIDR","price":"19832238.00"},{"symbol":"BNBBIDR","price":"4503152.00"},{"symbol":"BUSDBIDR","price":"15683.00"},{"symbol":"USDTBIDR","price":"15685.00"},{"symbol":"BKRWUSDT","price":"0.00084530"},{"symbol":"BKRWBUSD","price":"0.00084550"},{"symbol":"SCUSDT","price":"0.00268000"},{"symbol":"ZENUSDT","price":"10.21000000"},{"symbol":"SXPBTC","price":"0.00001435"},{"symbol":"SXPBNB","price":"0.00085700"},{"symbol":"SXPBUSD","price":"0.24590000"},{"symbol":"SNXBTC","price":"0.00011150"},{"symbol":"SNXBNB","price":"0.00667000"},{"symbol":"SNXBUSD","price":"1.91000000"},{"symbol":"SNXUSDT","price":"1.91200000"},{"symbol":"ETHUPUSDT","price":"2.95600000"},{"symbol":"ETHDOWNUSDT","price":"0.96390000"},{"symbol":"ADAUPUSDT","price":"0.30400000"},{"symbol":"ADADOWNUSDT","price":"0.00608900"},{"symbol":"LINKUPUSDT","price":"0.00823000"},{"symbol":"LINKDOWNUSDT","price":"0.00265800"},{"symbol":"VTHOBNB","price":"0.00000673"},{"symbol":"VTHOBUSD","price":"0.00071800"},{"symbol":"VTHOUSDT","price":"0.00103600"},{"symbol":"DCRBUSD","price":"16.03500000"},{"symbol":"DGBUSDT","price":"0.00754000"},{"symbol":"GBPUSDT","price":"1.22600000"},{"symbol":"STORJBUSD","price":"0.32120000"},{"symbol":"SXPUSDT","price":"0.24630000"},{"symbol":"IRISBNB","price":"0.00166200"},{"symbol":"IRISBTC","price":"0.00000088"},{"symbol":"IRISBUSD","price":"0.06080000"},{"symbol":"MKRBNB","price":"6.90300000"},{"symbol":"MKRBTC","price":"0.03588000"},{"symbol":"MKRUSDT","price":"615.00000000"},{"symbol":"MKRBUSD","price":"615.00000000"},{"symbol":"DAIBNB","price":"0.04876000"},{"symbol":"DAIBTC","price":"0.00008966"},{"symbol":"DAIUSDT","price":"1.01890000"},{"symbol":"DAIBUSD","price":"1.01810000"},{"symbol":"RUNEBNB","price":"0.00488000"},{"symbol":"RUNEBTC","price":"0.00008180"},{"symbol":"RUNEBUSD","price":"1.39900000"},{"symbol":"MANABUSD","price":"0.39750000"},{"symbol":"DOGEBUSD","price":"0.09652000"},{"symbol":"LENDBUSD","price":"0.51530000"},{"symbol":"ZRXBUSD","price":"0.18970000"},{"symbol":"DCRUSDT","price":"21.40000000"},{"symbol":"STORJUSDT","price":"0.32160000"},{"symbol":"XRPBKRW","price":"319.76000000"},{"symbol":"ADABKRW","price":"327.55000000"},{"symbol":"BTCAUD","price":"25289.16000000"},{"symbol":"ETHAUD","price":"1865.63000000"},{"symbol":"AUDBUSD","price":"0.67840000"},{"symbol":"FIOBNB","price":"0.00017080"},{"symbol":"FIOBTC","price":"0.00000202"},{"symbol":"FIOBUSD","price":"0.03480000"},{"symbol":"BNBUPUSDT","price":"36.72000000"},{"symbol":"BNBDOWNUSDT","price":"0.01992000"},{"symbol":"XTZUPUSDT","price":"0.00255100"},{"symbol":"XTZDOWNUSDT","price":"2.60010000"},{"symbol":"AVABNB","price":"0.00218800"},{"symbol":"AVABTC","price":"0.00003642"},{"symbol":"AVABUSD","price":"0.62500000"},{"symbol":"USDTBKRW","price":"1125.00000000"},{"symbol":"BUSDBKRW","price":"1097.18000000"},{"symbol":"IOTABUSD","price":"0.20900000"},{"symbol":"MANAUSDT","price":"0.39730000"},{"symbol":"XRPAUD","price":"0.57160000"},{"symbol":"BNBAUD","price":"423.60000000"},{"symbol":"AUDUSDT","price":"0.67820000"},{"symbol":"BALBNB","price":"0.42580000"},{"symbol":"BALBTC","price":"0.00034920"},{"symbol":"BALBUSD","price":"5.99200000"},{"symbol":"YFIBNB","price":"82.19000000"},{"symbol":"YFIBTC","price":"0.40480000"},{"symbol":"YFIBUSD","price":"6940.00000000"},{"symbol":"YFIUSDT","price":"6946.00000000"},{"symbol":"BLZBUSD","price":"0.06460000"},{"symbol":"KMDBUSD","price":"0.46760000"},{"symbol":"BALUSDT","price":"5.99400000"},{"symbol":"BLZUSDT","price":"0.06470000"},{"symbol":"IRISUSDT","price":"0.01497000"},{"symbol":"KMDUSDT","price":"0.21650000"},{"symbol":"BTCDAI","price":"17159.39000000"},{"symbol":"ETHDAI","price":"1264.40000000"},{"symbol":"BNBDAI","price":"287.30000000"},{"symbol":"USDTDAI","price":"1.00010000"},{"symbol":"BUSDDAI","price":"1.00000000"},{"symbol":"JSTBNB","price":"0.00021850"},{"symbol":"JSTBTC","price":"0.00000135"},{"symbol":"JSTBUSD","price":"0.02325000"},{"symbol":"JSTUSDT","price":"0.02320000"},{"symbol":"SRMBNB","price":"0.00084000"},{"symbol":"SRMBTC","price":"0.00001523"},{"symbol":"SRMBUSD","price":"0.21201000"},{"symbol":"SRMUSDT","price":"0.24442000"},{"symbol":"ANTBNB","price":"0.00817000"},{"symbol":"ANTBTC","price":"0.00013717"},{"symbol":"ANTBUSD","price":"2.34300000"},{"symbol":"ANTUSDT","price":"2.34100000"},{"symbol":"CRVBNB","price":"0.00687000"},{"symbol":"CRVBTC","price":"0.00003749"},{"symbol":"CRVBUSD","price":"0.64400000"},{"symbol":"CRVUSDT","price":"0.64300000"},{"symbol":"SANDBNB","price":"0.00203700"},{"symbol":"SANDBTC","price":"0.00003412"},{"symbol":"SANDUSDT","price":"0.58520000"},{"symbol":"SANDBUSD","price":"0.58500000"},{"symbol":"OCEANBNB","price":"0.00054500"},{"symbol":"OCEANBTC","price":"0.00000913"},{"symbol":"OCEANBUSD","price":"0.15630000"},{"symbol":"OCEANUSDT","price":"0.15630000"},{"symbol":"NMRBTC","price":"0.00087000"},{"symbol":"NMRBUSD","price":"14.97000000"},{"symbol":"NMRUSDT","price":"14.96000000"},{"symbol":"DOTBNB","price":"0.01843000"},{"symbol":"DOTBTC","price":"0.00030870"},{"symbol":"DOTBUSD","price":"5.29000000"},{"symbol":"DOTUSDT","price":"5.30000000"},{"symbol":"LUNABNB","price":"0.00000019"},{"symbol":"LUNABTC","price":"0.00000001"},{"symbol":"LUNABUSD","price":"1.63840000"},{"symbol":"LUNAUSDT","price":"1.63890000"},{"symbol":"IDEXBTC","price":"0.00000281"},{"symbol":"IDEXBUSD","price":"0.04821000"},{"symbol":"RSRBNB","price":"0.00001450"},{"symbol":"RSRBTC","price":"0.00000016"},{"symbol":"RSRBUSD","price":"0.00413000"},{"symbol":"RSRUSDT","price":"0.00413000"},{"symbol":"PAXGBNB","price":"6.22100000"},{"symbol":"PAXGBTC","price":"0.10419000"},{"symbol":"PAXGBUSD","price":"1788.00000000"},{"symbol":"PAXGUSDT","price":"1786.00000000"},{"symbol":"WNXMBNB","price":"0.17350000"},{"symbol":"WNXMBTC","price":"0.00067200"},{"symbol":"WNXMBUSD","price":"22.16500000"},{"symbol":"WNXMUSDT","price":"11.13000000"},{"symbol":"TRBBNB","price":"0.51700000"},{"symbol":"TRBBTC","price":"0.00080000"},{"symbol":"TRBBUSD","price":"13.76000000"},{"symbol":"TRBUSDT","price":"13.73000000"},{"symbol":"ETHNGN","price":"805670.00000000"},{"symbol":"DOTBIDR","price":"82579.00"},{"symbol":"LINKAUD","price":"10.07500000"},{"symbol":"SXPAUD","price":"1.86800000"},{"symbol":"BZRXBNB","price":"0.00514000"},{"symbol":"BZRXBTC","price":"0.00000463"},{"symbol":"BZRXBUSD","price":"0.21640000"},{"symbol":"BZRXUSDT","price":"0.21560000"},{"symbol":"WBTCBTC","price":"0.99800000"},{"symbol":"WBTCETH","price":"13.53000000"},{"symbol":"SUSHIBNB","price":"0.00413000"},{"symbol":"SUSHIBTC","price":"0.00006910"},{"symbol":"SUSHIBUSD","price":"1.18700000"},{"symbol":"SUSHIUSDT","price":"1.18700000"},{"symbol":"YFIIBNB","price":"4.42000000"},{"symbol":"YFIIBTC","price":"0.08572000"},{"symbol":"YFIIBUSD","price":"1192.00000000"},{"symbol":"YFIIUSDT","price":"1470.90000000"},{"symbol":"KSMBNB","price":"0.09080000"},{"symbol":"KSMBTC","price":"0.00173000"},{"symbol":"KSMBUSD","price":"29.66000000"},{"symbol":"KSMUSDT","price":"29.66000000"},{"symbol":"EGLDBNB","price":"0.15840000"},{"symbol":"EGLDBTC","price":"0.00265200"},{"symbol":"EGLDBUSD","price":"45.46000000"},{"symbol":"EGLDUSDT","price":"45.45000000"},{"symbol":"DIABNB","price":"0.00381300"},{"symbol":"DIABTC","price":"0.00001921"},{"symbol":"DIABUSD","price":"0.33000000"},{"symbol":"DIAUSDT","price":"0.33000000"},{"symbol":"RUNEUSDT","price":"1.39900000"},{"symbol":"FIOUSDT","price":"0.03480000"},{"symbol":"UMABTC","price":"0.00010140"},{"symbol":"UMAUSDT","price":"1.74400000"},{"symbol":"EOSUPUSDT","price":"0.21130000"},{"symbol":"EOSDOWNUSDT","price":"0.00036650"},{"symbol":"TRXUPUSDT","price":"0.03854000"},{"symbol":"TRXDOWNUSDT","price":"1.13900000"},{"symbol":"XRPUPUSDT","price":"0.09330000"},{"symbol":"XRPDOWNUSDT","price":"0.00024220"},{"symbol":"DOTUPUSDT","price":"0.09600000"},{"symbol":"DOTDOWNUSDT","price":"16.73700000"},{"symbol":"SRMBIDR","price":"26748.00"},{"symbol":"ONEBIDR","price":"119.92"},{"symbol":"LINKTRY","price":"129.40000000"},{"symbol":"USDTNGN","price":"747.10000000"},{"symbol":"BELBNB","price":"0.00162700"},{"symbol":"BELBTC","price":"0.00002723"},{"symbol":"BELBUSD","price":"0.46700000"},{"symbol":"BELUSDT","price":"0.46700000"},{"symbol":"WINGBNB","price":"0.04865000"},{"symbol":"WINGBTC","price":"0.00037850"},{"symbol":"SWRVBNB","price":"0.00150400"},{"symbol":"SWRVBUSD","price":"0.56490000"},{"symbol":"WINGBUSD","price":"6.48000000"},{"symbol":"WINGUSDT","price":"6.48000000"},{"symbol":"LTCUPUSDT","price":"0.48010000"},{"symbol":"LTCDOWNUSDT","price":"2.22790000"},{"symbol":"LENDBKRW","price":"579.46000000"},{"symbol":"SXPEUR","price":"0.23370000"},{"symbol":"CREAMBNB","price":"0.07230000"},{"symbol":"CREAMBUSD","price":"14.10000000"},{"symbol":"UNIBNB","price":"0.02129000"},{"symbol":"UNIBTC","price":"0.00035630"},{"symbol":"UNIBUSD","price":"6.12000000"},{"symbol":"UNIUSDT","price":"6.11000000"},{"symbol":"NBSBTC","price":"0.00000031"},{"symbol":"NBSUSDT","price":"0.00166000"},{"symbol":"OXTBTC","price":"0.00000485"},{"symbol":"OXTUSDT","price":"0.08310000"},{"symbol":"SUNBTC","price":"0.00071100"},{"symbol":"SUNUSDT","price":"0.00567000"},{"symbol":"AVAXBNB","price":"0.04667000"},{"symbol":"AVAXBTC","price":"0.00078150"},{"symbol":"AVAXBUSD","price":"13.41000000"},{"symbol":"AVAXUSDT","price":"13.40000000"},{"symbol":"HNTBTC","price":"0.00023570"},{"symbol":"HNTUSDT","price":"4.67000000"},{"symbol":"BAKEBNB","price":"0.00062100"},{"symbol":"BURGERBNB","price":"0.00216000"},{"symbol":"SXPBIDR","price":"19956.00"},{"symbol":"LINKBKRW","price":"16948.99000000"},{"symbol":"FLMBNB","price":"0.00333000"},{"symbol":"FLMBTC","price":"0.00000504"},{"symbol":"FLMBUSD","price":"0.23210000"},{"symbol":"FLMUSDT","price":"0.08650000"},{"symbol":"SCRTBTC","price":"0.00004595"},{"symbol":"SCRTETH","price":"0.00063150"},{"symbol":"CAKEBNB","price":"0.01379000"},{"symbol":"CAKEBUSD","price":"3.96900000"},{"symbol":"SPARTABNB","price":"0.00006570"},{"symbol":"UNIUPUSDT","price":"1.05500000"},{"symbol":"UNIDOWNUSDT","price":"2.17200000"},{"symbol":"ORNBTC","price":"0.00005300"},{"symbol":"ORNUSDT","price":"0.90900000"},{"symbol":"TRXNGN","price":"20.71000000"},{"symbol":"SXPTRY","price":"4.65600000"},{"symbol":"UTKBTC","price":"0.00000595"},{"symbol":"UTKUSDT","price":"0.10230000"},{"symbol":"XVSBNB","price":"0.01457000"},{"symbol":"XVSBTC","price":"0.00024380"},{"symbol":"XVSBUSD","price":"4.18000000"},{"symbol":"XVSUSDT","price":"4.18000000"},{"symbol":"ALPHABNB","price":"0.00031100"},{"symbol":"ALPHABTC","price":"0.00000521"},{"symbol":"ALPHABUSD","price":"0.08910000"},{"symbol":"ALPHAUSDT","price":"0.08900000"},{"symbol":"VIDTBTC","price":"0.00000227"},{"symbol":"VIDTBUSD","price":"0.03900000"},{"symbol":"AAVEBNB","price":"0.21480000"},{"symbol":"BTCBRL","price":"89855.00000000"},{"symbol":"USDTBRL","price":"5.24200000"},{"symbol":"AAVEBTC","price":"0.00359900"},{"symbol":"AAVEETH","price":"0.04880000"},{"symbol":"AAVEBUSD","price":"61.70000000"},{"symbol":"AAVEUSDT","price":"61.80000000"},{"symbol":"AAVEBKRW","price":"164167.00000000"},{"symbol":"NEARBNB","price":"0.00592900"},{"symbol":"NEARBTC","price":"0.00009932"},{"symbol":"NEARBUSD","price":"1.70300000"},{"symbol":"NEARUSDT","price":"1.70300000"},{"symbol":"SXPUPUSDT","price":"0.17426000"},{"symbol":"SXPDOWNUSDT","price":"0.08950000"},{"symbol":"DOTBKRW","price":"13514.98000000"},{"symbol":"SXPGBP","price":"0.40800000"},{"symbol":"FILBNB","price":"0.01540000"},{"symbol":"FILBTC","price":"0.00025610"},{"symbol":"FILBUSD","price":"4.40000000"},{"symbol":"FILUSDT","price":"4.39000000"},{"symbol":"FILUPUSDT","price":"0.15150000"},{"symbol":"FILDOWNUSDT","price":"0.00076660"},{"symbol":"YFIUPUSDT","price":"0.11690000"},{"symbol":"YFIDOWNUSDT","price":"0.90090000"},{"symbol":"INJBNB","price":"0.00575000"},{"symbol":"INJBTC","price":"0.00009630"},{"symbol":"INJBUSD","price":"1.65000000"},{"symbol":"INJUSDT","price":"1.65200000"},{"symbol":"AERGOBTC","price":"0.00000639"},{"symbol":"AERGOBUSD","price":"0.10990000"},{"symbol":"LINKEUR","price":"6.49800000"},{"symbol":"ONEBUSD","price":"0.01456000"},{"symbol":"EASYETH","price":"0.00623000"},{"symbol":"AUDIOBTC","price":"0.00000898"},{"symbol":"AUDIOBUSD","price":"0.15450000"},{"symbol":"AUDIOUSDT","price":"0.15460000"},{"symbol":"CTKBNB","price":"0.00273500"},{"symbol":"CTKBTC","price":"0.00004579"},{"symbol":"CTKBUSD","price":"0.78800000"},{"symbol":"CTKUSDT","price":"0.78600000"},{"symbol":"BCHUPUSDT","price":"0.07240000"},{"symbol":"BCHDOWNUSDT","price":"0.22470000"},{"symbol":"BOTBTC","price":"0.04906000"},{"symbol":"BOTBUSD","price":"2783.23000000"},{"symbol":"ETHBRL","price":"6629.23000000"},{"symbol":"DOTEUR","price":"5.03000000"},{"symbol":"AKROBTC","price":"0.00000013"},{"symbol":"AKROUSDT","price":"0.00296000"},{"symbol":"KP3RBNB","price":"0.26580000"},{"symbol":"KP3RBUSD","price":"76.26000000"},{"symbol":"AXSBNB","price":"0.02930000"},{"symbol":"AXSBTC","price":"0.00049200"},{"symbol":"AXSBUSD","price":"8.43000000"},{"symbol":"AXSUSDT","price":"8.43000000"},{"symbol":"HARDBNB","price":"0.00058500"},{"symbol":"HARDBTC","price":"0.00000978"},{"symbol":"HARDBUSD","price":"0.16770000"},{"symbol":"HARDUSDT","price":"0.16790000"},{"symbol":"BNBBRL","price":"1505.00000000"},{"symbol":"LTCEUR","price":"72.52000000"},{"symbol":"RENBTCBTC","price":"0.99310000"},{"symbol":"RENBTCETH","price":"16.29900000"},{"symbol":"DNTBUSD","price":"0.03600000"},{"symbol":"DNTUSDT","price":"0.03600000"},{"symbol":"SLPETH","price":"0.00000203"},{"symbol":"ADAEUR","price":"0.29720000"},{"symbol":"LTCNGN","price":"78132.00000000"},{"symbol":"CVPETH","price":"0.00029290"},{"symbol":"CVPBUSD","price":"0.37090000"},{"symbol":"STRAXBTC","price":"0.00002744"},{"symbol":"STRAXETH","price":"0.00037420"},{"symbol":"STRAXBUSD","price":"0.47100000"},{"symbol":"STRAXUSDT","price":"0.47200000"},{"symbol":"FORBTC","price":"0.00000099"},{"symbol":"FORBUSD","price":"0.01676000"},{"symbol":"UNFIBNB","price":"0.02654000"},{"symbol":"UNFIBTC","price":"0.00028480"},{"symbol":"UNFIBUSD","price":"4.87600000"},{"symbol":"UNFIUSDT","price":"4.87500000"},{"symbol":"FRONTETH","price":"0.00033040"},{"symbol":"FRONTBUSD","price":"0.20090000"},{"symbol":"BCHABUSD","price":"43.64100000"},{"symbol":"ROSEBTC","price":"0.00000261"},{"symbol":"ROSEBUSD","price":"0.04476000"},{"symbol":"ROSEUSDT","price":"0.04475000"},{"symbol":"AVAXTRY","price":"253.70000000"},{"symbol":"BUSDBRL","price":"5.24000000"},{"symbol":"AVAUSDT","price":"0.62500000"},{"symbol":"SYSBUSD","price":"0.11850000"},{"symbol":"XEMUSDT","price":"0.03290000"},{"symbol":"HEGICETH","price":"0.00001647"},{"symbol":"HEGICBUSD","price":"0.02120000"},{"symbol":"AAVEUPUSDT","price":"0.60080000"},{"symbol":"AAVEDOWNUSDT","price":"0.00467300"},{"symbol":"PROMBNB","price":"0.01594000"},{"symbol":"PROMBUSD","price":"4.58000000"},{"symbol":"XRPBRL","price":"2.03200000"},{"symbol":"XRPNGN","price":"214.17000000"},{"symbol":"SKLBTC","price":"0.00000151"},{"symbol":"SKLBUSD","price":"0.02578000"},{"symbol":"SKLUSDT","price":"0.02576000"},{"symbol":"BCHEUR","price":"104.40000000"},{"symbol":"YFIEUR","price":"6586.00000000"},{"symbol":"ZILBIDR","price":"348.00"},{"symbol":"SUSDBTC","price":"0.00002065"},{"symbol":"SUSDETH","price":"0.00052700"},{"symbol":"SUSDUSDT","price":"0.99600000"},{"symbol":"COVERETH","price":"0.06373000"},{"symbol":"COVERBUSD","price":"193.60000000"},{"symbol":"GLMBTC","price":"0.00001299"},{"symbol":"GLMETH","price":"0.00017690"},{"symbol":"GHSTETH","price":"0.00081750"},{"symbol":"GHSTBUSD","price":"1.02100000"},{"symbol":"SUSHIUPUSDT","price":"0.00471400"},{"symbol":"SUSHIDOWNUSDT","price":"37.37000000"},{"symbol":"XLMUPUSDT","price":"0.02430000"},{"symbol":"XLMDOWNUSDT","price":"4.30400000"},{"symbol":"LINKBRL","price":"35.83000000"},{"symbol":"LINKNGN","price":"11772.00000000"},{"symbol":"LTCRUB","price":"4804.00000000"},{"symbol":"TRXTRY","price":"1.03990000"},{"symbol":"XLMEUR","price":"0.08080000"},{"symbol":"DFETH","price":"0.00007020"},{"symbol":"DFBUSD","price":"0.04820000"},{"symbol":"GRTBTC","price":"0.00000416"},{"symbol":"GRTETH","price":"0.00005640"},{"symbol":"GRTUSDT","price":"0.07140000"},{"symbol":"JUVBTC","price":"0.00017700"},{"symbol":"JUVBUSD","price":"3.05000000"},{"symbol":"JUVUSDT","price":"3.05000000"},{"symbol":"PSGBTC","price":"0.00031420"},{"symbol":"PSGBUSD","price":"5.39000000"},{"symbol":"PSGUSDT","price":"5.40000000"},{"symbol":"BUSDBVND","price":"23720.00"},{"symbol":"USDTBVND","price":"23710.00"},{"symbol":"1INCHBTC","price":"0.00002586"},{"symbol":"1INCHUSDT","price":"0.44400000"},{"symbol":"REEFBTC","price":"0.00000014"},{"symbol":"REEFUSDT","price":"0.00304700"},{"symbol":"OGBTC","price":"0.00018610"},{"symbol":"OGUSDT","price":"3.19300000"},{"symbol":"ATMBTC","price":"0.00016220"},{"symbol":"ATMUSDT","price":"2.75000000"},{"symbol":"ASRBTC","price":"0.00015920"},{"symbol":"ASRUSDT","price":"2.73500000"},{"symbol":"CELOBTC","price":"0.00003567"},{"symbol":"CELOUSDT","price":"0.61300000"},{"symbol":"RIFBTC","price":"0.00000327"},{"symbol":"RIFUSDT","price":"0.05630000"},{"symbol":"CHZTRY","price":"2.82900000"},{"symbol":"XLMTRY","price":"1.61100000"},{"symbol":"LINKGBP","price":"5.57700000"},{"symbol":"GRTEUR","price":"0.06770000"},{"symbol":"BTCSTBTC","price":"0.00033100"},{"symbol":"BTCSTBUSD","price":"5.37000000"},{"symbol":"BTCSTUSDT","price":"5.35000000"},{"symbol":"TRUBTC","price":"0.00000216"},{"symbol":"TRUBUSD","price":"0.53570000"},{"symbol":"TRUUSDT","price":"0.03690000"},{"symbol":"DEXEETH","price":"0.00196200"},{"symbol":"DEXEBUSD","price":"2.48500000"},{"symbol":"EOSEUR","price":"1.00000000"},{"symbol":"LTCBRL","price":"399.70000000"},{"symbol":"USDCBUSD","price":"0.99990000"},{"symbol":"TUSDBUSD","price":"0.99990000"},{"symbol":"PAXBUSD","price":"1.00000000"},{"symbol":"CKBBTC","price":"0.00000015"},{"symbol":"CKBBUSD","price":"0.00257000"},{"symbol":"CKBUSDT","price":"0.00258000"},{"symbol":"TWTBTC","price":"0.00014883"},{"symbol":"TWTBUSD","price":"2.54640000"},{"symbol":"TWTUSDT","price":"2.54580000"},{"symbol":"FIROBTC","price":"0.00010920"},{"symbol":"FIROETH","price":"0.00133300"},{"symbol":"FIROUSDT","price":"1.87400000"},{"symbol":"BETHETH","price":"0.97720000"},{"symbol":"DOGEEUR","price":"0.09161000"},{"symbol":"DOGETRY","price":"1.82500000"},{"symbol":"DOGEAUD","price":"0.14219000"},{"symbol":"DOGEBRL","price":"0.50560000"},{"symbol":"DOTNGN","price":"10716.00000000"},{"symbol":"PROSETH","price":"0.00047140"},{"symbol":"LITBTC","price":"0.00004759"},{"symbol":"LITBUSD","price":"0.81900000"},{"symbol":"LITUSDT","price":"0.81800000"},{"symbol":"BTCVAI","price":"56876.40000000"},{"symbol":"BUSDVAI","price":"1.03400000"},{"symbol":"SFPBTC","price":"0.00002740"},{"symbol":"SFPBUSD","price":"0.47040000"},{"symbol":"SFPUSDT","price":"0.47040000"},{"symbol":"DOGEGBP","price":"0.07878000"},{"symbol":"DOTTRY","price":"100.20000000"},{"symbol":"FXSBTC","price":"0.00035846"},{"symbol":"FXSBUSD","price":"6.13200000"},{"symbol":"DODOBTC","price":"0.00000708"},{"symbol":"DODOBUSD","price":"0.12110000"},{"symbol":"DODOUSDT","price":"0.12110000"},{"symbol":"FRONTBTC","price":"0.00001172"},{"symbol":"EASYBTC","price":"0.00029250"},{"symbol":"CAKEBTC","price":"0.00023100"},{"symbol":"CAKEUSDT","price":"3.96600000"},{"symbol":"BAKEBUSD","price":"0.17820000"},{"symbol":"UFTETH","price":"0.00023460"},{"symbol":"UFTBUSD","price":"0.29660000"},{"symbol":"1INCHBUSD","price":"0.44300000"},{"symbol":"BANDBUSD","price":"2.03700000"},{"symbol":"GRTBUSD","price":"0.07130000"},{"symbol":"IOSTBUSD","price":"0.00860000"},{"symbol":"OMGBUSD","price":"1.19700000"},{"symbol":"REEFBUSD","price":"0.00304500"},{"symbol":"ACMBTC","price":"0.00015110"},{"symbol":"ACMBUSD","price":"2.59300000"},{"symbol":"ACMUSDT","price":"2.59400000"},{"symbol":"AUCTIONBTC","price":"0.00030000"},{"symbol":"AUCTIONBUSD","price":"5.14000000"},{"symbol":"PHABTC","price":"0.00000886"},{"symbol":"PHABUSD","price":"0.15070000"},{"symbol":"DOTGBP","price":"4.32000000"},{"symbol":"ADATRY","price":"5.92000000"},{"symbol":"ADABRL","price":"1.63900000"},{"symbol":"ADAGBP","price":"0.25520000"},{"symbol":"TVKBTC","price":"0.00000224"},{"symbol":"TVKBUSD","price":"0.03860000"},{"symbol":"BADGERBTC","price":"0.00015310"},{"symbol":"BADGERBUSD","price":"2.62000000"},{"symbol":"BADGERUSDT","price":"2.64000000"},{"symbol":"FISBTC","price":"0.00001772"},{"symbol":"FISBUSD","price":"0.30290000"},{"symbol":"FISUSDT","price":"0.30480000"},{"symbol":"DOTBRL","price":"27.75000000"},{"symbol":"ADAAUD","price":"0.46120000"},{"symbol":"HOTTRY","price":"0.03204000"},{"symbol":"EGLDEUR","price":"43.21000000"},{"symbol":"OMBTC","price":"0.00000204"},{"symbol":"OMBUSD","price":"0.03510000"},{"symbol":"OMUSDT","price":"0.03500000"},{"symbol":"PONDBTC","price":"0.00000051"},{"symbol":"PONDBUSD","price":"0.00864000"},{"symbol":"PONDUSDT","price":"0.00866000"},{"symbol":"DEGOBTC","price":"0.00011862"},{"symbol":"DEGOBUSD","price":"2.02700000"},{"symbol":"DEGOUSDT","price":"2.02700000"},{"symbol":"AVAXEUR","price":"12.74000000"},{"symbol":"BTTTRY","price":"0.03783000"},{"symbol":"CHZBRL","price":"0.78400000"},{"symbol":"UNIEUR","price":"5.81000000"},{"symbol":"ALICEBTC","price":"0.00007700"},{"symbol":"ALICEBUSD","price":"1.32100000"},{"symbol":"ALICEUSDT","price":"1.32100000"},{"symbol":"CHZBUSD","price":"0.14970000"},{"symbol":"CHZEUR","price":"0.14190000"},{"symbol":"CHZGBP","price":"0.12130000"},{"symbol":"BIFIBNB","price":"2.77700000"},{"symbol":"BIFIBUSD","price":"366.40000000"},{"symbol":"LINABTC","price":"0.00000037"},{"symbol":"LINABUSD","price":"0.00634000"},{"symbol":"LINAUSDT","price":"0.00631000"},{"symbol":"ADARUB","price":"19.71000000"},{"symbol":"ENJBRL","price":"1.60600000"},{"symbol":"ENJEUR","price":"0.29000000"},{"symbol":"MATICEUR","price":"0.86100000"},{"symbol":"NEOTRY","price":"138.40000000"},{"symbol":"PERPBTC","price":"0.00002736"},{"symbol":"PERPBUSD","price":"0.46784000"},{"symbol":"PERPUSDT","price":"0.46841000"},{"symbol":"RAMPBTC","price":"0.00000273"},{"symbol":"RAMPBUSD","price":"0.05210000"},{"symbol":"RAMPUSDT","price":"0.05240000"},{"symbol":"SUPERBTC","price":"0.00000597"},{"symbol":"SUPERBUSD","price":"0.10230000"},{"symbol":"SUPERUSDT","price":"0.10220000"},{"symbol":"CFXBTC","price":"0.00000159"},{"symbol":"CFXBUSD","price":"0.02730000"},{"symbol":"CFXUSDT","price":"0.02750000"},{"symbol":"ENJGBP","price":"0.24710000"},{"symbol":"EOSTRY","price":"19.85000000"},{"symbol":"LTCGBP","price":"62.28000000"},{"symbol":"LUNAEUR","price":"0.00006000"},{"symbol":"RVNTRY","price":"0.41700000"},{"symbol":"THETAEUR","price":"0.82100000"},{"symbol":"XVGBUSD","price":"0.00251000"},{"symbol":"EPSBTC","price":"0.00000499"},{"symbol":"EPSBUSD","price":"0.16790000"},{"symbol":"EPSUSDT","price":"0.16790000"},{"symbol":"AUTOBTC","price":"0.01400000"},{"symbol":"AUTOBUSD","price":"238.10000000"},{"symbol":"AUTOUSDT","price":"238.20000000"},{"symbol":"TKOBTC","price":"0.00002199"},{"symbol":"TKOBIDR","price":"5886.75"},{"symbol":"TKOBUSD","price":"0.37500000"},{"symbol":"TKOUSDT","price":"0.37700000"},{"symbol":"PUNDIXETH","price":"0.00031200"},{"symbol":"PUNDIXUSDT","price":"0.39600000"},{"symbol":"BTTBRL","price":"0.01553000"},{"symbol":"BTTEUR","price":"0.00243600"},{"symbol":"HOTEUR","price":"0.00160700"},{"symbol":"WINEUR","price":"0.00008390"},{"symbol":"TLMBTC","price":"0.00000092"},{"symbol":"TLMBUSD","price":"0.01588000"},{"symbol":"TLMUSDT","price":"0.01588000"},{"symbol":"1INCHUPUSDT","price":"0.06570300"},{"symbol":"1INCHDOWNUSDT","price":"0.00614800"},{"symbol":"BTGBUSD","price":"17.62000000"},{"symbol":"BTGUSDT","price":"17.65000000"},{"symbol":"HOTBUSD","price":"0.00169500"},{"symbol":"BNBUAH","price":"11260.00000000"},{"symbol":"ONTTRY","price":"3.54200000"},{"symbol":"VETEUR","price":"0.01863000"},{"symbol":"VETGBP","price":"0.01599000"},{"symbol":"WINBRL","price":"0.00046300"},{"symbol":"MIRBTC","price":"0.00000759"},{"symbol":"MIRBUSD","price":"0.13001000"},{"symbol":"MIRUSDT","price":"0.12999000"},{"symbol":"BARBTC","price":"0.00021140"},{"symbol":"BARBUSD","price":"3.62000000"},{"symbol":"BARUSDT","price":"3.63000000"},{"symbol":"FORTHBTC","price":"0.00020890"},{"symbol":"FORTHBUSD","price":"3.58000000"},{"symbol":"FORTHUSDT","price":"3.58000000"},{"symbol":"CAKEGBP","price":"3.24700000"},{"symbol":"DOGERUB","price":"6.07800000"},{"symbol":"HOTBRL","price":"0.03750000"},{"symbol":"WRXEUR","price":"0.57460000"},{"symbol":"EZBTC","price":"0.00001351"},{"symbol":"EZETH","price":"0.00017500"},{"symbol":"BAKEUSDT","price":"0.17820000"},{"symbol":"BURGERBUSD","price":"0.61800000"},{"symbol":"BURGERUSDT","price":"0.62000000"},{"symbol":"SLPBUSD","price":"0.00257000"},{"symbol":"SLPUSDT","price":"0.00257000"},{"symbol":"TRXAUD","price":"0.09810000"},{"symbol":"TRXEUR","price":"0.05220000"},{"symbol":"VETTRY","price":"0.37120000"},{"symbol":"SHIBUSDT","price":"0.00000922"},{"symbol":"SHIBBUSD","price":"0.00000922"},{"symbol":"ICPBTC","price":"0.00025310"},{"symbol":"ICPBNB","price":"0.01513000"},{"symbol":"ICPBUSD","price":"4.34000000"},{"symbol":"ICPUSDT","price":"4.33900000"},{"symbol":"SHIBEUR","price":"0.00000875"},{"symbol":"SHIBRUB","price":"0.00057730"},{"symbol":"ETCEUR","price":"18.26000000"},{"symbol":"ETCBRL","price":"202.40000000"},{"symbol":"DOGEBIDR","price":"1514.00"},{"symbol":"ARBTC","price":"0.00052410"},{"symbol":"ARBNB","price":"0.03134000"},{"symbol":"ARBUSD","price":"8.99000000"},{"symbol":"ARUSDT","price":"8.98000000"},{"symbol":"POLSBTC","price":"0.00002162"},{"symbol":"POLSBNB","price":"0.00129200"},{"symbol":"POLSBUSD","price":"0.37100000"},{"symbol":"POLSUSDT","price":"0.37100000"},{"symbol":"MDXBTC","price":"0.00000517"},{"symbol":"MDXBNB","price":"0.00061900"},{"symbol":"MDXBUSD","price":"0.08870000"},{"symbol":"MDXUSDT","price":"0.08890000"},{"symbol":"MASKBNB","price":"0.01183000"},{"symbol":"MASKBUSD","price":"3.38500000"},{"symbol":"MASKUSDT","price":"3.38500000"},{"symbol":"LPTBTC","price":"0.00042520"},{"symbol":"LPTBNB","price":"0.02542000"},{"symbol":"LPTBUSD","price":"7.31000000"},{"symbol":"LPTUSDT","price":"7.31000000"},{"symbol":"ETHUAH","price":"49701.00000000"},{"symbol":"MATICBRL","price":"4.74800000"},{"symbol":"SOLEUR","price":"12.90000000"},{"symbol":"SHIBBRL","price":"0.00004832"},{"symbol":"AGIXBTC","price":"0.00000324"},{"symbol":"ICPEUR","price":"4.10000000"},{"symbol":"MATICGBP","price":"0.73930000"},{"symbol":"SHIBTRY","price":"0.00017442"},{"symbol":"MATICBIDR","price":"14190.00"},{"symbol":"MATICRUB","price":"56.79000000"},{"symbol":"NUBTC","price":"0.00001240"},{"symbol":"NUBNB","price":"0.00126770"},{"symbol":"NUBUSD","price":"0.54530000"},{"symbol":"NUUSDT","price":"0.54360000"},{"symbol":"XVGUSDT","price":"0.00251000"},{"symbol":"RLCBUSD","price":"1.78300000"},{"symbol":"CELRBUSD","price":"0.01254000"},{"symbol":"ATMBUSD","price":"2.76000000"},{"symbol":"ZENBUSD","price":"10.22000000"},{"symbol":"FTMBUSD","price":"0.24090000"},{"symbol":"THETABUSD","price":"0.86400000"},{"symbol":"WINBUSD","price":"0.00008840"},{"symbol":"KAVABUSD","price":"0.89300000"},{"symbol":"XEMBUSD","price":"0.09630000"},{"symbol":"ATABTC","price":"0.00000661"},{"symbol":"ATABNB","price":"0.00039400"},{"symbol":"ATABUSD","price":"0.11340000"},{"symbol":"ATAUSDT","price":"0.11330000"},{"symbol":"GTCBTC","price":"0.00010340"},{"symbol":"GTCBNB","price":"0.01860000"},{"symbol":"GTCBUSD","price":"1.77200000"},{"symbol":"GTCUSDT","price":"1.77300000"},{"symbol":"TORNBTC","price":"0.00031300"},{"symbol":"TORNBNB","price":"0.09058000"},{"symbol":"TORNBUSD","price":"5.37000000"},{"symbol":"TORNUSDT","price":"5.37000000"},{"symbol":"MATICTRY","price":"17.14700000"},{"symbol":"ETCGBP","price":"26.54000000"},{"symbol":"SOLGBP","price":"11.08000000"},{"symbol":"BAKEBTC","price":"0.00001039"},{"symbol":"COTIBUSD","price":"0.07170000"},{"symbol":"KEEPBTC","price":"0.00001432"},{"symbol":"KEEPBNB","price":"0.00145070"},{"symbol":"KEEPBUSD","price":"0.62600000"},{"symbol":"KEEPUSDT","price":"0.62510000"},{"symbol":"SOLTRY","price":"257.00000000"},{"symbol":"RUNEGBP","price":"1.14200000"},{"symbol":"SOLBRL","price":"71.10000000"},{"symbol":"SCBUSD","price":"0.00267000"},{"symbol":"CHRBUSD","price":"0.12290000"},{"symbol":"STMXBUSD","price":"0.00510600"},{"symbol":"HNTBUSD","price":"2.11000000"},{"symbol":"FTTBUSD","price":"1.62860000"},{"symbol":"DOCKBUSD","price":"0.01658000"},{"symbol":"ADABIDR","price":"4906.00"},{"symbol":"ERNBNB","price":"0.00716000"},{"symbol":"ERNBUSD","price":"2.05100000"},{"symbol":"ERNUSDT","price":"2.05200000"},{"symbol":"KLAYBTC","price":"0.00001084"},{"symbol":"KLAYBNB","price":"0.00064800"},{"symbol":"KLAYBUSD","price":"0.18590000"},{"symbol":"KLAYUSDT","price":"0.18590000"},{"symbol":"RUNEEUR","price":"1.33400000"},{"symbol":"MATICAUD","price":"1.33540000"},{"symbol":"DOTRUB","price":"334.00000000"},{"symbol":"UTKBUSD","price":"0.10220000"},{"symbol":"IOTXBUSD","price":"0.02328000"},{"symbol":"PHAUSDT","price":"0.15090000"},{"symbol":"SOLRUB","price":"854.00000000"},{"symbol":"RUNEAUD","price":"17.40400000"},{"symbol":"BUSDUAH","price":"39.29000000"},{"symbol":"BONDBTC","price":"0.00023340"},{"symbol":"BONDBNB","price":"0.02969000"},{"symbol":"BONDBUSD","price":"3.99500000"},{"symbol":"BONDUSDT","price":"3.99700000"},{"symbol":"MLNBTC","price":"0.00126600"},{"symbol":"MLNBNB","price":"0.09880000"},{"symbol":"MLNBUSD","price":"21.66000000"},{"symbol":"MLNUSDT","price":"21.69000000"},{"symbol":"GRTTRY","price":"1.35000000"},{"symbol":"CAKEBRL","price":"69.72000000"},{"symbol":"ICPRUB","price":"4589.00000000"},{"symbol":"DOTAUD","price":"7.80000000"},{"symbol":"AAVEBRL","price":"1792.00000000"},{"symbol":"EOSAUD","price":"6.55500000"},{"symbol":"DEXEUSDT","price":"2.48500000"},{"symbol":"LTOBUSD","price":"0.08440000"},{"symbol":"ADXBUSD","price":"0.13820000"},{"symbol":"QUICKBTC","price":"0.00322100"},{"symbol":"QUICKBNB","price":"0.42200000"},{"symbol":"QUICKBUSD","price":"55.50000000"},{"symbol":"C98USDT","price":"0.23300000"},{"symbol":"C98BUSD","price":"0.23340000"},{"symbol":"C98BNB","price":"0.00081200"},{"symbol":"C98BTC","price":"0.00001359"},{"symbol":"CLVBTC","price":"0.00000377"},{"symbol":"CLVBNB","price":"0.00022560"},{"symbol":"CLVBUSD","price":"0.06509000"},{"symbol":"CLVUSDT","price":"0.06503000"},{"symbol":"QNTBTC","price":"0.00700700"},{"symbol":"QNTBNB","price":"0.41840000"},{"symbol":"QNTBUSD","price":"120.30000000"},{"symbol":"QNTUSDT","price":"120.20000000"},{"symbol":"FLOWBTC","price":"0.00005925"},{"symbol":"FLOWBNB","price":"0.00354700"},{"symbol":"FLOWBUSD","price":"1.01500000"},{"symbol":"FLOWUSDT","price":"1.01600000"},{"symbol":"XECBUSD","price":"0.00002941"},{"symbol":"AXSBRL","price":"44.20000000"},{"symbol":"AXSAUD","price":"12.42000000"},{"symbol":"TVKUSDT","price":"0.03840000"},{"symbol":"MINABTC","price":"0.00003204"},{"symbol":"MINABNB","price":"0.00191300"},{"symbol":"MINABUSD","price":"0.54900000"},{"symbol":"MINAUSDT","price":"0.54900000"},{"symbol":"RAYBNB","price":"0.00067400"},{"symbol":"RAYBUSD","price":"0.19360000"},{"symbol":"RAYUSDT","price":"0.19370000"},{"symbol":"FARMBTC","price":"0.00207800"},{"symbol":"FARMBNB","price":"0.15150000"},{"symbol":"FARMBUSD","price":"35.70000000"},{"symbol":"FARMUSDT","price":"35.70000000"},{"symbol":"ALPACABTC","price":"0.00001577"},{"symbol":"ALPACABNB","price":"0.00094400"},{"symbol":"ALPACABUSD","price":"0.27100000"},{"symbol":"ALPACAUSDT","price":"0.27030000"},{"symbol":"TLMTRY","price":"0.30030000"},{"symbol":"QUICKUSDT","price":"55.40000000"},{"symbol":"ORNBUSD","price":"0.90900000"},{"symbol":"MBOXBTC","price":"0.00002698"},{"symbol":"MBOXBNB","price":"0.00161000"},{"symbol":"MBOXBUSD","price":"0.46400000"},{"symbol":"MBOXUSDT","price":"0.46200000"},{"symbol":"VGXBTC","price":"0.00002524"},{"symbol":"VGXETH","price":"0.00034800"},{"symbol":"FORUSDT","price":"0.01680000"},{"symbol":"REQUSDT","price":"0.09500000"},{"symbol":"GHSTUSDT","price":"1.01700000"},{"symbol":"TRURUB","price":"2.33000000"},{"symbol":"FISBRL","price":"1.58400000"},{"symbol":"WAXPUSDT","price":"0.05840000"},{"symbol":"WAXPBUSD","price":"0.05820000"},{"symbol":"WAXPBNB","price":"0.00020310"},{"symbol":"WAXPBTC","price":"0.00000340"},{"symbol":"TRIBEBTC","price":"0.00000743"},{"symbol":"TRIBEBNB","price":"0.00143100"},{"symbol":"TRIBEBUSD","price":"0.21160000"},{"symbol":"TRIBEUSDT","price":"0.20180000"},{"symbol":"GNOUSDT","price":"89.80000000"},{"symbol":"GNOBUSD","price":"304.10000000"},{"symbol":"GNOBNB","price":"0.86500000"},{"symbol":"GNOBTC","price":"0.00562400"},{"symbol":"ARPATRY","price":"0.55100000"},{"symbol":"PROMBTC","price":"0.00026730"},{"symbol":"MTLBUSD","price":"0.74500000"},{"symbol":"OGNBUSD","price":"0.10470000"},{"symbol":"XECUSDT","price":"0.00002941"},{"symbol":"C98BRL","price":"1.22600000"},{"symbol":"SOLAUD","price":"20.05000000"},{"symbol":"XRPBIDR","price":"6073.00"},{"symbol":"POLYBUSD","price":"0.27000000"},{"symbol":"ELFUSDT","price":"0.13290000"},{"symbol":"DYDXUSDT","price":"1.59900000"},{"symbol":"DYDXBUSD","price":"1.59900000"},{"symbol":"DYDXBNB","price":"0.00556700"},{"symbol":"DYDXBTC","price":"0.00009326"},{"symbol":"ELFBUSD","price":"0.13290000"},{"symbol":"POLYUSDT","price":"0.26960000"},{"symbol":"IDEXUSDT","price":"0.04820000"},{"symbol":"VIDTUSDT","price":"0.03905000"},{"symbol":"SOLBIDR","price":"212819.00"},{"symbol":"AXSBIDR","price":"128801.00"},{"symbol":"BTCUSDP","price":"19435.03000000"},{"symbol":"ETHUSDP","price":"1344.37000000"},{"symbol":"BNBUSDP","price":"282.09000000"},{"symbol":"USDPBUSD","price":"1.00000000"},{"symbol":"USDPUSDT","price":"0.99970000"},{"symbol":"GALAUSDT","price":"0.02564000"},{"symbol":"GALABUSD","price":"0.02564000"},{"symbol":"GALABNB","price":"0.00008931"},{"symbol":"GALABTC","price":"0.00000149"},{"symbol":"FTMBIDR","price":"3780.00"},{"symbol":"ALGOBIDR","price":"20095.00"},{"symbol":"CAKEAUD","price":"25.61000000"},{"symbol":"KSMAUD","price":"234.80000000"},{"symbol":"WAVESRUB","price":"1190.49000000"},{"symbol":"SUNBUSD","price":"0.00567000"},{"symbol":"ILVUSDT","price":"46.70000000"},{"symbol":"ILVBUSD","price":"46.70000000"},{"symbol":"ILVBNB","price":"0.16300000"},{"symbol":"ILVBTC","price":"0.00272000"},{"symbol":"RENBUSD","price":"0.08430000"},{"symbol":"YGGUSDT","price":"0.22770000"},{"symbol":"YGGBUSD","price":"0.22800000"},{"symbol":"YGGBNB","price":"0.00079100"},{"symbol":"YGGBTC","price":"0.00001326"},{"symbol":"STXBUSD","price":"0.27300000"},{"symbol":"SYSUSDT","price":"0.11840000"},{"symbol":"DFUSDT","price":"0.04830000"},{"symbol":"SOLUSDC","price":"33.68000000"},{"symbol":"ARPARUB","price":"1.83100000"},{"symbol":"LTCUAH","price":"3000.00000000"},{"symbol":"FETBUSD","price":"0.10380000"},{"symbol":"ARPABUSD","price":"0.02916000"},{"symbol":"LSKBUSD","price":"0.82200000"},{"symbol":"AVAXBIDR","price":"266752.00"},{"symbol":"ALICEBIDR","price":"29103.00"},{"symbol":"FIDAUSDT","price":"0.37970000"},{"symbol":"FIDABUSD","price":"0.37940000"},{"symbol":"FIDABNB","price":"0.00543000"},{"symbol":"FIDABTC","price":"0.00002216"},{"symbol":"DENTBUSD","price":"0.00069900"},{"symbol":"FRONTUSDT","price":"0.20110000"},{"symbol":"CVPUSDT","price":"0.37100000"},{"symbol":"AGLDBTC","price":"0.00001912"},{"symbol":"AGLDBNB","price":"0.00190000"},{"symbol":"AGLDBUSD","price":"0.32700000"},{"symbol":"AGLDUSDT","price":"0.32700000"},{"symbol":"RADBTC","price":"0.00009800"},{"symbol":"RADBNB","price":"0.00588000"},{"symbol":"RADBUSD","price":"1.68600000"},{"symbol":"RADUSDT","price":"1.68200000"},{"symbol":"UNIAUD","price":"34.47000000"},{"symbol":"HIVEBUSD","price":"0.34770000"},{"symbol":"STPTBUSD","price":"0.03161000"},{"symbol":"BETABTC","price":"0.00000484"},{"symbol":"BETABNB","price":"0.00029060"},{"symbol":"BETABUSD","price":"0.08280000"},{"symbol":"BETAUSDT","price":"0.08292000"},{"symbol":"SHIBAUD","price":"0.00001359"},{"symbol":"RAREBTC","price":"0.00000742"},{"symbol":"RAREBNB","price":"0.00069100"},{"symbol":"RAREBUSD","price":"0.12700000"},{"symbol":"RAREUSDT","price":"0.12710000"},{"symbol":"AVAXBRL","price":"70.30000000"},{"symbol":"AVAXAUD","price":"19.77000000"},{"symbol":"LUNAAUD","price":"0.00009000"},{"symbol":"TROYBUSD","price":"0.00286400"},{"symbol":"AXSETH","price":"0.00666000"},{"symbol":"FTMETH","price":"0.00018990"},{"symbol":"SOLETH","price":"0.01072000"},{"symbol":"SSVBTC","price":"0.00060130"},{"symbol":"SSVETH","price":"0.00819600"},{"symbol":"LAZIOTRY","price":"94.05000000"},{"symbol":"LAZIOEUR","price":"4.72490000"},{"symbol":"LAZIOBTC","price":"0.00028941"},{"symbol":"LAZIOUSDT","price":"4.96540000"},{"symbol":"CHESSBTC","price":"0.00001232"},{"symbol":"CHESSBNB","price":"0.00188500"},{"symbol":"CHESSBUSD","price":"0.20900000"},{"symbol":"CHESSUSDT","price":"0.21100000"},{"symbol":"FTMAUD","price":"0.35400000"},{"symbol":"FTMBRL","price":"1.26200000"},{"symbol":"SCRTBUSD","price":"0.79000000"},{"symbol":"ADXUSDT","price":"0.13820000"},{"symbol":"AUCTIONUSDT","price":"5.14000000"},{"symbol":"CELOBUSD","price":"0.61200000"},{"symbol":"FTMRUB","price":"15.12000000"},{"symbol":"NUAUD","price":"0.76900000"},{"symbol":"NURUB","price":"41.13000000"},{"symbol":"REEFTRY","price":"0.05750000"},{"symbol":"REEFBIDR","price":"162.00"},{"symbol":"SHIBDOGE","price":"0.00009570"},{"symbol":"DARUSDT","price":"0.13119000"},{"symbol":"DARBUSD","price":"0.13106000"},{"symbol":"DARBNB","price":"0.00045644"},{"symbol":"DARBTC","price":"0.00000763"},{"symbol":"BNXBTC","price":"0.00307600"},{"symbol":"BNXBNB","price":"0.18310000"},{"symbol":"BNXBUSD","price":"52.70000000"},{"symbol":"BNXUSDT","price":"52.70000000"},{"symbol":"RGTUSDT","price":"14.44000000"},{"symbol":"RGTBTC","price":"0.00037960"},{"symbol":"RGTBUSD","price":"14.46000000"},{"symbol":"RGTBNB","price":"0.03997000"},{"symbol":"LAZIOBUSD","price":"4.97580000"},{"symbol":"OXTBUSD","price":"0.08300000"},{"symbol":"MANATRY","price":"7.52000000"},{"symbol":"ALGORUB","price":"14.33000000"},{"symbol":"SHIBUAH","price":"0.00079300"},{"symbol":"LUNABIDR","price":"0.88"},{"symbol":"AUDUSDC","price":"0.64770000"},{"symbol":"MOVRBTC","price":"0.00048530"},{"symbol":"MOVRBNB","price":"0.15520000"},{"symbol":"MOVRBUSD","price":"8.32000000"},{"symbol":"MOVRUSDT","price":"8.33000000"},{"symbol":"CITYBTC","price":"0.00023890"},{"symbol":"CITYBNB","price":"0.01427000"},{"symbol":"CITYBUSD","price":"4.10000000"},{"symbol":"CITYUSDT","price":"4.11000000"},{"symbol":"ENSBTC","price":"0.00079850"},{"symbol":"ENSBNB","price":"0.04795000"},{"symbol":"ENSBUSD","price":"13.70000000"},{"symbol":"ENSUSDT","price":"13.70000000"},{"symbol":"SANDETH","price":"0.00046230"},{"symbol":"DOTETH","price":"0.00418900"},{"symbol":"MATICETH","price":"0.00071620"},{"symbol":"ANKRBUSD","price":"0.02106000"},{"symbol":"SANDTRY","price":"11.06000000"},{"symbol":"MANABRL","price":"2.09000000"},{"symbol":"KP3RUSDT","price":"76.17000000"},{"symbol":"QIUSDT","price":"0.00815000"},{"symbol":"QIBUSD","price":"0.00815000"},{"symbol":"QIBNB","price":"0.00009910"},{"symbol":"QIBTC","price":"0.00000048"},{"symbol":"PORTOBTC","price":"0.00021473"},{"symbol":"PORTOUSDT","price":"3.68790000"},{"symbol":"PORTOTRY","price":"69.74000000"},{"symbol":"PORTOEUR","price":"3.50420000"},{"symbol":"POWRUSDT","price":"0.14880000"},{"symbol":"POWRBUSD","price":"0.14890000"},{"symbol":"AVAXETH","price":"0.01059000"},{"symbol":"SLPTRY","price":"0.04850000"},{"symbol":"FISTRY","price":"8.87000000"},{"symbol":"LRCTRY","price":"4.74000000"},{"symbol":"CHRETH","price":"0.00009720"},{"symbol":"FISBIDR","price":"9124.00"},{"symbol":"VGXUSDT","price":"0.38900000"},{"symbol":"GALAETH","price":"0.00002028"},{"symbol":"JASMYUSDT","price":"0.00383900"},{"symbol":"JASMYBUSD","price":"0.00383900"},{"symbol":"JASMYBNB","price":"0.00001338"},{"symbol":"JASMYBTC","price":"0.00000022"},{"symbol":"AMPBTC","price":"0.00000020"},{"symbol":"AMPBNB","price":"0.00003999"},{"symbol":"AMPBUSD","price":"0.00346000"},{"symbol":"AMPUSDT","price":"0.00346000"},{"symbol":"PLABTC","price":"0.00001182"},{"symbol":"PLABNB","price":"0.00070400"},{"symbol":"PLABUSD","price":"0.20400000"},{"symbol":"PLAUSDT","price":"0.20300000"},{"symbol":"PYRBTC","price":"0.00018640"},{"symbol":"PYRBUSD","price":"3.20000000"},{"symbol":"PYRUSDT","price":"3.19000000"},{"symbol":"RNDRBTC","price":"0.00002980"},{"symbol":"RNDRUSDT","price":"0.51000000"},{"symbol":"RNDRBUSD","price":"0.51000000"},{"symbol":"ALCXBTC","price":"0.00102300"},{"symbol":"ALCXBUSD","price":"17.60000000"},{"symbol":"ALCXUSDT","price":"17.50000000"},{"symbol":"SANTOSBTC","price":"0.00037904"},{"symbol":"SANTOSUSDT","price":"6.49800000"},{"symbol":"SANTOSBRL","price":"34.16000000"},{"symbol":"SANTOSTRY","price":"122.97000000"},{"symbol":"MCBTC","price":"0.00002406"},{"symbol":"MCBUSD","price":"0.41100000"},{"symbol":"MCUSDT","price":"0.41300000"},{"symbol":"BELTRY","price":"8.84000000"},{"symbol":"COCOSBUSD","price":"0.62060000"},{"symbol":"DENTTRY","price":"0.01321000"},{"symbol":"ENJTRY","price":"5.79000000"},{"symbol":"NEORUB","price":"463.00000000"},{"symbol":"SANDAUD","price":"0.86560000"},{"symbol":"SLPBIDR","price":"40.20"},{"symbol":"ANYBTC","price":"0.00026020"},{"symbol":"ANYBUSD","price":"12.33000000"},{"symbol":"ANYUSDT","price":"12.30000000"},{"symbol":"BICOBTC","price":"0.00001716"},{"symbol":"BICOBUSD","price":"0.29600000"},{"symbol":"BICOUSDT","price":"0.29600000"},{"symbol":"FLUXBTC","price":"0.00003000"},{"symbol":"FLUXBUSD","price":"0.51700000"},{"symbol":"FLUXUSDT","price":"0.51700000"},{"symbol":"ALICETRY","price":"24.98000000"},{"symbol":"FXSUSDT","price":"6.13800000"},{"symbol":"GALABRL","price":"0.13500000"},{"symbol":"GALATRY","price":"0.48600000"},{"symbol":"LUNATRY","price":"30.96000000"},{"symbol":"REQBUSD","price":"0.09500000"},{"symbol":"SANDBRL","price":"3.08000000"},{"symbol":"MANABIDR","price":"10781.00"},{"symbol":"SANDBIDR","price":"9164.00"},{"symbol":"VOXELBTC","price":"0.00001238"},{"symbol":"VOXELBNB","price":"0.00073830"},{"symbol":"VOXELBUSD","price":"0.21160000"},{"symbol":"VOXELUSDT","price":"0.21150000"},{"symbol":"COSBUSD","price":"0.00511000"},{"symbol":"CTXCBUSD","price":"0.17290000"},{"symbol":"FTMTRY","price":"4.55100000"},{"symbol":"MANABNB","price":"0.00155000"},{"symbol":"MINATRY","price":"10.39000000"},{"symbol":"XTZTRY","price":"18.80000000"},{"symbol":"HIGHBTC","price":"0.00007255"},{"symbol":"HIGHBUSD","price":"1.24400000"},{"symbol":"HIGHUSDT","price":"1.24400000"},{"symbol":"CVXBTC","price":"0.00022450"},{"symbol":"CVXBUSD","price":"3.85100000"},{"symbol":"CVXUSDT","price":"3.84700000"},{"symbol":"PEOPLEBTC","price":"0.00000139"},{"symbol":"PEOPLEBUSD","price":"0.02382000"},{"symbol":"PEOPLEUSDT","price":"0.02380000"},{"symbol":"OOKIBUSD","price":"0.00368000"},{"symbol":"OOKIUSDT","price":"0.00370000"},{"symbol":"COCOSTRY","price":"11.74000000"},{"symbol":"GXSBNB","price":"0.00453800"},{"symbol":"LINKBNB","price":"0.02383000"},{"symbol":"LUNAETH","price":"0.00000003"},{"symbol":"MDTBUSD","price":"0.02519000"},{"symbol":"NULSBUSD","price":"0.21070000"},{"symbol":"SPELLBTC","price":"0.00000012"},{"symbol":"SPELLUSDT","price":"0.00063080"},{"symbol":"SPELLBUSD","price":"0.00063090"},{"symbol":"USTBTC","price":"0.00002476"},{"symbol":"USTBUSD","price":"0.06762946"},{"symbol":"USTUSDT","price":"0.24577900"},{"symbol":"JOEBTC","price":"0.00001019"},{"symbol":"JOEBUSD","price":"0.17500000"},{"symbol":"JOEUSDT","price":"0.17500000"},{"symbol":"ATOMETH","price":"0.00765900"},{"symbol":"DUSKBUSD","price":"0.09270000"},{"symbol":"EGLDETH","price":"0.03596000"},{"symbol":"ICPETH","price":"0.00344500"},{"symbol":"LUNABRL","price":"0.00030000"},{"symbol":"LUNAUST","price":"0.00004900"},{"symbol":"NEARETH","price":"0.00134700"},{"symbol":"ROSEBNB","price":"0.00015340"},{"symbol":"VOXELETH","price":"0.00020220"},{"symbol":"ALICEBNB","price":"0.00460700"},{"symbol":"ATOMTRY","price":"183.20000000"},{"symbol":"ETHUST","price":"8239.72000000"},{"symbol":"GALAAUD","price":"0.03770000"},{"symbol":"LRCBNB","price":"0.00087100"},{"symbol":"ONEETH","price":"0.00001153"},{"symbol":"OOKIBNB","price":"0.00001491"},{"symbol":"ACHBTC","price":"0.00000054"},{"symbol":"ACHBUSD","price":"0.00934000"},{"symbol":"ACHUSDT","price":"0.00934000"},{"symbol":"IMXBTC","price":"0.00002565"},{"symbol":"IMXBUSD","price":"0.44000000"},{"symbol":"IMXUSDT","price":"0.44000000"},{"symbol":"GLMRBTC","price":"0.00002379"},{"symbol":"GLMRBUSD","price":"0.40850000"},{"symbol":"GLMRUSDT","price":"0.40870000"},{"symbol":"ATOMBIDR","price":"307866.00"},{"symbol":"DYDXETH","price":"0.00159100"},{"symbol":"FARMETH","price":"0.03152000"},{"symbol":"FORBNB","price":"0.00009710"},{"symbol":"ICPTRY","price":"82.20000000"},{"symbol":"JASMYETH","price":"0.00000303"},{"symbol":"LINABNB","price":"0.00007811"},{"symbol":"OOKIETH","price":"0.00000290"},{"symbol":"ROSEETH","price":"0.00003530"},{"symbol":"UMABUSD","price":"1.74100000"},{"symbol":"UNIETH","price":"0.00482800"},{"symbol":"XTZETH","price":"0.00078500"},{"symbol":"LOKABTC","price":"0.00002497"},{"symbol":"LOKABNB","price":"0.00149250"},{"symbol":"LOKABUSD","price":"0.42900000"},{"symbol":"LOKAUSDT","price":"0.42900000"},{"symbol":"ATOMBRL","price":"50.89000000"},{"symbol":"BNBUST","price":"1129.30000000"},{"symbol":"CRVETH","price":"0.00050900"},{"symbol":"HIGHBNB","price":"0.00432300"},{"symbol":"NEARRUB","price":"106.80000000"},{"symbol":"ROSETRY","price":"0.84700000"},{"symbol":"SCRTUSDT","price":"0.78800000"},{"symbol":"API3BTC","price":"0.00008522"},{"symbol":"API3BUSD","price":"1.46200000"},{"symbol":"API3USDT","price":"1.46300000"},{"symbol":"BTTCUSDT","price":"0.00000068"},{"symbol":"BTTCUSDC","price":"0.00000078"},{"symbol":"BTTCTRY","price":"0.00001292"},{"symbol":"ACABTC","price":"0.00000764"},{"symbol":"ACABUSD","price":"0.13070000"},{"symbol":"ACAUSDT","price":"0.13070000"},{"symbol":"ANCBTC","price":"0.00000300"},{"symbol":"ANCBUSD","price":"0.05148000"},{"symbol":"ANCUSDT","price":"0.05151000"},{"symbol":"BDOTDOT","price":"0.74220000"},{"symbol":"XNOBTC","price":"0.00004511"},{"symbol":"XNOETH","price":"0.00060940"},{"symbol":"XNOBUSD","price":"0.76900000"},{"symbol":"XNOUSDT","price":"0.77000000"},{"symbol":"COSTRY","price":"0.09680000"},{"symbol":"KAVAETH","price":"0.00070300"},{"symbol":"MCBNB","price":"0.00143600"},{"symbol":"ONETRY","price":"0.27600000"},{"symbol":"WOOBTC","price":"0.00000733"},{"symbol":"WOOBNB","price":"0.00043700"},{"symbol":"WOOBUSD","price":"0.12550000"},{"symbol":"WOOUSDT","price":"0.12560000"},{"symbol":"CELRETH","price":"0.00000995"},{"symbol":"PEOPLEBNB","price":"0.00008286"},{"symbol":"SLPBNB","price":"0.00000884"},{"symbol":"SPELLBNB","price":"0.00000404"},{"symbol":"SPELLTRY","price":"0.01193000"},{"symbol":"TFUELBUSD","price":"0.04380000"},{"symbol":"AXSTRY","price":"159.50000000"},{"symbol":"DARTRY","price":"2.48000000"},{"symbol":"NEARTRY","price":"32.24000000"},{"symbol":"IDEXBNB","price":"0.00016760"},{"symbol":"ALPINEEUR","price":"2.52910000"},{"symbol":"ALPINETRY","price":"50.57000000"},{"symbol":"ALPINEUSDT","price":"2.67810000"},{"symbol":"ALPINEBTC","price":"0.00015592"},{"symbol":"TUSDT","price":"0.01880000"},{"symbol":"TBUSD","price":"0.01880000"},{"symbol":"API3BNB","price":"0.00533000"},{"symbol":"BETAETH","price":"0.00006560"},{"symbol":"INJTRY","price":"31.22000000"},{"symbol":"TLMBNB","price":"0.00010990"},{"symbol":"ASTRBUSD","price":"0.04360000"},{"symbol":"ASTRUSDT","price":"0.04370000"},{"symbol":"API3TRY","price":"27.67000000"},{"symbol":"GLMRBNB","price":"0.00142900"},{"symbol":"MBOXTRY","price":"8.76000000"},{"symbol":"NBTBIDR","price":"72.00"},{"symbol":"NBTUSDT","price":"0.00456000"},{"symbol":"GMTBTC","price":"0.00002327"},{"symbol":"GMTBNB","price":"0.00139000"},{"symbol":"GMTBUSD","price":"0.39930000"},{"symbol":"GMTUSDT","price":"0.39920000"},{"symbol":"ANCBNB","price":"0.00017950"},{"symbol":"ATOMEUR","price":"9.21000000"},{"symbol":"GALAEUR","price":"0.02434000"},{"symbol":"KSMETH","price":"0.02354000"},{"symbol":"UMATRY","price":"32.90000000"},{"symbol":"KDABTC","price":"0.00005930"},{"symbol":"KDABUSD","price":"1.01600000"},{"symbol":"KDAUSDT","price":"1.01600000"},{"symbol":"APEUSDT","price":"4.04500000"},{"symbol":"APEBUSD","price":"4.04700000"},{"symbol":"APEBTC","price":"0.00023588"},{"symbol":"ALPINEBUSD","price":"2.67870000"},{"symbol":"LUNAGBP","price":"0.00005000"},{"symbol":"NEAREUR","price":"1.61000000"},{"symbol":"TWTTRY","price":"48.14000000"},{"symbol":"WAVESEUR","price":"1.93900000"},{"symbol":"APEEUR","price":"3.84800000"},{"symbol":"APEGBP","price":"3.29600000"},{"symbol":"APETRY","price":"76.50000000"},{"symbol":"BSWUSDT","price":"0.21120000"},{"symbol":"BSWBUSD","price":"0.21110000"},{"symbol":"BSWBNB","price":"0.00073520"},{"symbol":"APEBNB","price":"0.01409000"},{"symbol":"GMTBRL","price":"2.09000000"},{"symbol":"GMTETH","price":"0.00031530"},{"symbol":"JASMYTRY","price":"0.07258000"},{"symbol":"SANTOSBUSD","price":"6.50800000"},{"symbol":"APEAUD","price":"5.94700000"},{"symbol":"BIFIUSDT","price":"365.30000000"},{"symbol":"GMTEUR","price":"0.37890000"},{"symbol":"IMXBNB","price":"0.00153300"},{"symbol":"RUNEETH","price":"0.00110900"},{"symbol":"AVAXGBP","price":"10.95000000"},{"symbol":"MULTIBTC","price":"0.00023810"},{"symbol":"MULTIBUSD","price":"4.08000000"},{"symbol":"MULTIUSDT","price":"4.08000000"},{"symbol":"APEETH","price":"0.00319200"},{"symbol":"BSWETH","price":"0.00016740"},{"symbol":"FILTRY","price":"83.30000000"},{"symbol":"FTMEUR","price":"0.22820000"},{"symbol":"GMTGBP","price":"0.32580000"},{"symbol":"ZILTRY","price":"0.42100000"},{"symbol":"GMTTRY","price":"7.55000000"},{"symbol":"WAVESTRY","price":"38.50000000"},{"symbol":"BTCUST","price":"121179.88000000"},{"symbol":"ASTRBTC","price":"0.00000255"},{"symbol":"ASTRETH","price":"0.00003449"},{"symbol":"BSWTRY","price":"4.00000000"},{"symbol":"FTTETH","price":"0.00114100"},{"symbol":"FUNBNB","price":"0.00002255"},{"symbol":"PORTOBUSD","price":"3.68630000"},{"symbol":"STEEMUSDT","price":"0.17630000"},{"symbol":"ZILEUR","price":"0.02063000"},{"symbol":"APEBRL","price":"21.15000000"},{"symbol":"AUDIOTRY","price":"2.92900000"},{"symbol":"BTTCBUSD","price":"0.00000068"},{"symbol":"GMTAUD","price":"0.58800000"},{"symbol":"MBLBUSD","price":"0.00270700"},{"symbol":"MOBUSDT","price":"1.08600000"},{"symbol":"MOBBUSD","price":"1.08600000"},{"symbol":"MOBBTC","price":"0.00006354"},{"symbol":"NEXOUSDT","price":"0.67700000"},{"symbol":"NEXOBUSD","price":"0.67800000"},{"symbol":"NEXOBTC","price":"0.00003950"},{"symbol":"REIUSDT","price":"0.02530000"},{"symbol":"REIBNB","price":"0.00008790"},{"symbol":"REIETH","price":"0.00001998"},{"symbol":"GALUSDT","price":"1.44800000"},{"symbol":"GALBUSD","price":"1.44900000"},{"symbol":"GALBNB","price":"0.00505600"},{"symbol":"GALBTC","price":"0.00008447"},{"symbol":"JASMYEUR","price":"0.00364700"},{"symbol":"KNCBNB","price":"0.00219800"},{"symbol":"SHIBGBP","price":"0.00000752"},{"symbol":"GALEUR","price":"1.37500000"},{"symbol":"GALTRY","price":"27.40000000"},{"symbol":"LDOBUSD","price":"1.03700000"},{"symbol":"LDOUSDT","price":"1.03600000"},{"symbol":"LDOBTC","price":"0.00006046"},{"symbol":"ENSTRY","price":"259.30000000"},{"symbol":"DAREUR","price":"0.12421000"},{"symbol":"DARETH","price":"0.00010340"},{"symbol":"ALGOETH","price":"0.00018010"},{"symbol":"ALGOTRY","price":"4.30500000"},{"symbol":"GALETH","price":"0.00114300"},{"symbol":"EPXUSDT","price":"0.00033000"},{"symbol":"EPXBUSD","price":"0.00033000"},{"symbol":"RUNETRY","price":"26.48000000"},{"symbol":"GALBRL","price":"7.60000000"},{"symbol":"STEEMBUSD","price":"0.17640000"},{"symbol":"CVCBUSD","price":"0.09690000"},{"symbol":"REIBUSD","price":"0.02530000"},{"symbol":"DREPBUSD","price":"0.30920000"},{"symbol":"AKROBUSD","price":"0.00296000"},{"symbol":"PUNDIXBUSD","price":"0.39500000"},{"symbol":"LUNCBUSD","price":"0.00017092"},{"symbol":"USTCBUSD","price":"0.02268231"},{"symbol":"OPBTC","price":"0.00006228"},{"symbol":"OPBUSD","price":"1.06800000"},{"symbol":"OPUSDT","price":"1.06800000"},{"symbol":"OGBUSD","price":"3.19500000"},{"symbol":"KEYBUSD","price":"0.00362400"},{"symbol":"ASRBUSD","price":"2.73400000"},{"symbol":"FIROBUSD","price":"1.88300000"},{"symbol":"NKNBUSD","price":"0.08490000"},{"symbol":"OPBNB","price":"0.00371700"},{"symbol":"OPEUR","price":"1.01300000"},{"symbol":"GTOBUSD","price":"0.01705000"},{"symbol":"SNXETH","price":"0.00150400"},{"symbol":"WBTCBUSD","price":"17127.54000000"},{"symbol":"BELETH","price":"0.00036910"},{"symbol":"LITETH","price":"0.00064720"},{"symbol":"LEVERUSDT","price":"0.00221200"},{"symbol":"LEVERBUSD","price":"0.00221500"},{"symbol":"BURGERETH","price":"0.00048900"},{"symbol":"PEOPLEETH","price":"0.00001884"},{"symbol":"UNFIETH","price":"0.00383400"},{"symbol":"BONDETH","price":"0.00315500"},{"symbol":"STORJTRY","price":"6.07000000"},{"symbol":"OPETH","price":"0.00084400"},{"symbol":"ETCTRY","price":"364.30000000"},{"symbol":"WINGETH","price":"0.00512400"},{"symbol":"FILETH","price":"0.00346100"},{"symbol":"GLMBUSD","price":"0.22270000"},{"symbol":"SSVBUSD","price":"10.33000000"},{"symbol":"STGBTC","price":"0.00002359"},{"symbol":"STGBUSD","price":"0.40480000"},{"symbol":"STGUSDT","price":"0.40490000"},{"symbol":"ANKRTRY","price":"0.39780000"},{"symbol":"ARKBUSD","price":"0.25790000"},{"symbol":"BETHBUSD","price":"1236.86000000"},{"symbol":"LOOMBUSD","price":"0.04879000"},{"symbol":"SNMBUSD","price":"0.69840000"},{"symbol":"AMBBUSD","price":"0.01204000"},{"symbol":"LUNCUSDT","price":"0.00017088"},{"symbol":"PHBBUSD","price":"0.65200000"},{"symbol":"GASBUSD","price":"2.34900000"},{"symbol":"NEBLBUSD","price":"1.78800000"},{"symbol":"PROSBUSD","price":"0.60020000"},{"symbol":"VIBBUSD","price":"0.07760000"},{"symbol":"GMXBTC","price":"0.00310400"},{"symbol":"GMXBUSD","price":"53.16000000"},{"symbol":"GMXUSDT","price":"53.18000000"},{"symbol":"AGIXBUSD","price":"0.05535000"},{"symbol":"NEBLUSDT","price":"1.78500000"},{"symbol":"SNTBUSD","price":"0.02314000"},{"symbol":"POLYXBTC","price":"0.00000974"},{"symbol":"POLYXBUSD","price":"0.16710000"},{"symbol":"POLYXUSDT","price":"0.16650000"},{"symbol":"APTBTC","price":"0.00027913"},{"symbol":"APTUSDT","price":"4.78890000"},{"symbol":"APTBUSD","price":"4.78840000"},{"symbol":"BTCPLN","price":"77002.00000000"},{"symbol":"ETHPLN","price":"5681.00000000"},{"symbol":"BUSDPLN","price":"4.49100000"},{"symbol":"APTEUR","price":"4.55370000"},{"symbol":"APTTRY","price":"90.50000000"},{"symbol":"APTBRL","price":"25.07000000"},{"symbol":"QKCBUSD","price":"0.00890300"},{"symbol":"OSMOBTC","price":"0.00005209"},{"symbol":"OSMOUSDT","price":"0.89100000"},{"symbol":"OSMOBUSD","price":"0.89100000"},{"symbol":"HFTBTC","price":"0.00002915"},{"symbol":"HFTBUSD","price":"0.49970000"},{"symbol":"HFTUSDT","price":"0.49940000"},{"symbol":"ARPAETH","price":"0.00002294"},{"symbol":"PHBUSDT","price":"0.65200000"},{"symbol":"VITEBUSD","price":"0.02535000"},{"symbol":"HOOKBTC","price":"0.00016206"},{"symbol":"HOOKUSDT","price":"2.77950000"},{"symbol":"HOOKBUSD","price":"2.78000000"},{"symbol":"HOOKBNB","price":"0.00967980"}]